-- phpMyAdmin SQL Dump
-- version 5.2.0
-- https://www.phpmyadmin.net/
--
-- Host: 127.0.0.1
-- Erstellungszeit: 22. Jun 2023 um 13:08
-- Server-Version: 10.4.27-MariaDB
-- PHP-Version: 8.2.0

SET SQL_MODE = "NO_AUTO_VALUE_ON_ZERO";
START TRANSACTION;
SET time_zone = "+00:00";


/*!40101 SET @OLD_CHARACTER_SET_CLIENT=@@CHARACTER_SET_CLIENT */;
/*!40101 SET @OLD_CHARACTER_SET_RESULTS=@@CHARACTER_SET_RESULTS */;
/*!40101 SET @OLD_COLLATION_CONNECTION=@@COLLATION_CONNECTION */;
/*!40101 SET NAMES utf8mb4 */;

--
-- Datenbank: `webshop`
--

DELIMITER $$
--
-- Prozeduren
--
CREATE DEFINER=`root`@`localhost` PROCEDURE `InsertDummyData` ()   BEGIN
  DECLARE counter INT DEFAULT 0;
  DECLARE orderid INT DEFAULT 0;
  DECLARE random_date DATE;



  WHILE counter < 300 DO
    SET orderid = orderid + 1;
    SET random_date = DATE_ADD('2022-01-01', INTERVAL FLOOR(RAND() * 532) DAY);

    INSERT INTO new_orders (id, orderid, buyer_name, buyer_email, product_id, quantity, total_price, status, order_date)
    VALUES (counter + 1, orderid, CONCAT('Buyer ', orderid), CONCAT('buyer', orderid, '@example.com'), FLOOR(RAND() * 60) + 2, FLOOR(RAND() * 5) + 1, ROUND((FLOOR(RAND() * 200) + 50) * 10, 0), CASE WHEN orderid <= 20 THEN 'Pending' WHEN orderid <= 40 THEN 'Shipped' ELSE 'Delivered' END, random_date);

    SET counter = counter + 1;
  END WHILE;
END$$

CREATE DEFINER=`root`@`localhost` PROCEDURE `InsertDummyData SellerID =3` ()   BEGIN
  DECLARE counter INT DEFAULT 0;
  DECLARE orderid INT DEFAULT 0;
  DECLARE random_date DATE;

  WHILE counter < 300 DO
    SET orderid = orderid + 1;
    SET random_date = DATE_ADD('2022-01-01', INTERVAL FLOOR(RAND() * 532) DAY);

    -- Generate product_id between 61 and 72
    SET @product_id := FLOOR(RAND() * 12) + 61;

    INSERT INTO new_orders (orderid, buyer_name, buyer_email, product_id, quantity, total_price, status, order_date)
    VALUES (orderid, CONCAT('Buyer ', orderid), CONCAT('buyer', orderid, '@example.com'), @product_id, FLOOR(RAND() * 5) + 1, ROUND((FLOOR(RAND() * 200) + 50) * 10, 0), CASE WHEN orderid <= 20 THEN 'Pending' WHEN orderid <= 40 THEN 'Shipped' ELSE 'Delivered' END, random_date);

    SET counter = counter + 1;
  END WHILE;
END$$

DELIMITER ;

-- --------------------------------------------------------

--
-- Tabellenstruktur für Tabelle `blog_news`
--

CREATE TABLE `blog_news` (
  `id` int(11) NOT NULL,
  `created` datetime NOT NULL DEFAULT current_timestamp(),
  `image` longblob DEFAULT NULL,
  `title` varchar(255) NOT NULL,
  `content` text NOT NULL
) ENGINE=InnoDB DEFAULT CHARSET=utf8mb4 COLLATE=utf8mb4_general_ci;

--
-- Daten für Tabelle `blog_news`
--

INSERT INTO `blog_news` (`id`, `created`, `image`, `title`, `content`) VALUES
(10, '2023-06-22 09:26:42', 0xffd8ffe000104a46494600010101006000600000fffe003e43524541544f523a2067642d6a7065672076312e3020287573696e6720494a47204a50454720763830292c2064656661756c74207175616c6974790affdb004300080606070605080707070909080a0c140d0c0b0b0c1912130f141d1a1f1e1d1a1c1c20242e2720222c231c1c2837292c30313434341f27393d38323c2e333432ffdb0043010909090c0b0c180d0d1832211c213232323232323232323232323232323232323232323232323232323232323232323232323232323232323232323232323232ffc000110800c8012c03012200021101031101ffc4001f0000010501010101010100000000000000000102030405060708090a0bffc400b5100002010303020403050504040000017d01020300041105122131410613516107227114328191a1082342b1c11552d1f02433627282090a161718191a25262728292a3435363738393a434445464748494a535455565758595a636465666768696a737475767778797a838485868788898a92939495969798999aa2a3a4a5a6a7a8a9aab2b3b4b5b6b7b8b9bac2c3c4c5c6c7c8c9cad2d3d4d5d6d7d8d9dae1e2e3e4e5e6e7e8e9eaf1f2f3f4f5f6f7f8f9faffc4001f0100030101010101010101010000000000000102030405060708090a0bffc400b51100020102040403040705040400010277000102031104052131061241510761711322328108144291a1b1c109233352f0156272d10a162434e125f11718191a262728292a35363738393a434445464748494a535455565758595a636465666768696a737475767778797a82838485868788898a92939495969798999aa2a3a4a5a6a7a8a9aab2b3b4b5b6b7b8b9bac2c3c4c5c6c7c8c9cad2d3d4d5d6d7d8d9dae2e3e4e5e6e7e8e9eaf2f3f4f5f6f7f8f9faffda000c03010002110311003f00f1c9adc46579eb516d00f1525e31f340cf6a628e01a9045945e0558418151463815617a56323a69ad05c54171b9d8b12493d4935682d4720e71529ea6925a14bcf9231b779dbe869c2fa53d4ee1d706a29d72491d2a382279a78e24197760aa3dc9c56b656b9cd777b1dcf83fc2579e2326fa595acec95b0248fefb9ee17d3eb5ea763a4b69b184b6d575518eed76cdfa1e3f4ab9a6e9f1699a65b5942311c11841ef8ea7f1eb5676d78557135272ba7647a10a518ad77312f97c556f1b3e95aec929ff9e573d4fd1871fa7e35c46a1f113c4969249a76b118ce30d0dcc41811ea0f71ee2bd502d656bde1db1f10d81b6bc8c6e1931ca07cd19f51fe1deae8e29c5da7aa09c2ff0009e413f892de4c9102c44f646f97f234e835cb56fbe063d41ac4d7f46bad075396c2ed70e9cab8e8ebd987b5652be057af4e2ad78b386a49b7668ed0ea36329c2ce833d9b8ae3b5078e4be95a21842ddaa163934dad52b19099a01a314014c46be884b5d28f7af43b99122d3147722bce747711dc827d6badd42f145a460366b96b2f791df867ee3174c8bccbb66c76ad0bbb389248e560320d62e97a808e5738cf1535e6ae19e38dbb9ae84f438e4b53466b99150ac439aa7777b7915991839c56b69e8929dee06dad3bab7b792d8fc83a560deacec8ab451e4b7734eee4b9209a86dce5fe635b9ac5b2248e5474ae70b146e2b683ba39aaa7196a6ce220801ef513c5191f237359f1c924ac1726aea5acab86cf14ed622f72788b2a15913721ec6a9dc69f1be5eddb07fb86ba3b34824b7c487b5675dda796e5a2048a2e1ca738caf13156041f434e5606b5944771208ae5700f1bbb8a4bef0edc5ba79d6ff00be87ae57a8a7726c66e38a69e2903943b5853f86e4530232bdc519f5e0d3f148403400d2299dcd3ce475e94cef408b177feba9547ca29b74419b8a9147ca28608b31f4156105411f4ab0bd2b099d54f625150ca7963ed52035048786a95b9a4b62029b85687866d84de2cd2632320dd464fe0c0ff4aaa8322b6bc1a99f1be920ff00cf5cfe86aaa3b537e873c57bc8f7c0bc51b6a5c71484578163d223c518af33f16f8df53d1bc682deda402ced8209612a08932031e7a83823f2af4f5c32823a119ab9527149bea4a926da388f88fe1e5d5fc3d25dc69fe97640c8840e593f897f2e7f0f7af093c1afaa65457465600ab0c107b8af99354b3fb16a7776bff3c2678ffef9247f4af472fa8ece0fa1cb8986aa489b41d0aebc45a81b2b478d6511b483cc24038edc7d69baaf87f55d124d9a8594b08ce03e328df461c1aeb3e1241bbc5170e7a25a37e65d3ffaf5eccf6f1cd13472a2ba30c32b0c823dc53af8c952abca95d0a9d05385fa9f2d814ec815ee3ad7c30d1353dd25a06d3e73de119427dd4ff4c57997897c0faaf86904f71e54b68cfb1668dbb9e8083c8e95d14b174ea689d999ce84e1a9cf412f972035bd1ced751853dab16ded8cadf4ad6b1b479255507bd6d249930724b434ec2186257690807159b74be65ca146fe2ad0d574cb9b7b70ebd08accd315bed4ad273834c477fa3da1fb3264f515aef644c04678c561da6aca88148c62b717510f6d918e9583dd9d717748e4755d27723b62b82ba84a5c3263bd7ac5cb996ddbe5ae0af2c4c9aa11b7ad694b630c47c465da40eac1f6e40ad392e13cbda062b623d3825bedc76a6c5a0bdc745a873f7ac68a9a50b9cfa5eb44719e2a7fed2c8e714fd5b40b9b5cb8438aceb2b0967936e0e6b46d5ae60949bb22daba5db800007d6ba0b1b6bdb540cbfbc8c8e455cd23c2198c48c0ee3cd6d08ffb38889978f7acdcdf4378525f68e52ef45b1d5490a3ecf73ebd89ae5b52d12fb49931346767671c835ea33d8db5efce87649ed55a7b4ba5b7315c442684fa8cd5c6a5f4667528db547952c80f07ad3f15d36a3e1659b74b6070dd4c66b979629ad2531cc855875045689dcc5a6b7034dda29c1830e28c629888cb65b26a6128a8b6526d3408d08645aba98238ac54dc0d6b5a92579aca68e8a52e84fb6abcaa406ab62abdc30018564b73696c2db26e15b9e135f2fc71a493ff003d71f9822b1ac2452704d6c69b22daf89749b9cfca972849f6dc33573d60d182f8933df7148453c8a422bc33bcf02f886a57c6fa967b98c8ff00bf6b5ee563cd85b93de25fe42bc8be2be9cf6de2286f829f2aea20377fb4bc11f96daf56d16fad2ff4c81ad2ea19d56350c6370d838e871d2ba6b6b4a0d19c34932e38af9dfc690f95e30d5571d6e19bf3e7fad7d1645780fc40503c6ba98ff6d4ff00e38b5582d2a3f41623e1377e0fc3bb52d4a5c7dd8517f3627fa57af05af31f83b0621d5e5c7de68947e1bcff005af530b5962b5accaa3a410cd95c6fc4fb7f33c1370d8ff57346dff8f63fad76f8ae6bc7f0f9be06d5171d115bf2753fd2a2969522fcca9eb168f0ad3e228c4e322bd42f7e1c5dd9b0b8d2675b85c67ca97e57fc0f43fa5795db4ec99da71d2be9e8b9890ffb22bd1c55594249a39e8c538b4788eaf73756ebf65beb596de5e9b645c67e87bd73e8be5b023a939af74f18c51cbe13d477c6ae56125770ce0fa8af0795b6f20d6d42afb58dda32ab0e46741676ff00685001cd753a769ade480d9ac2d1f4ed4e1b5b6bd92cdcda4ca1d654f9863df1d2bb58668d2dc10474aa4d4ae559a49a332fa08adedcf38f5ae02faf522d4b72af15d7ea1782691e32dc1e2b9fb8d2223f3b38e6ae36b686752edea545d50b900f02bb2d0658a489738cd70373e45b3119ce2a7d3bc45f646001e2a7975b97ed34b33d52f74c82eed482a0f15c54da42d95d1655c7357acfc6703c61198669d3ea30dd8dc083515be135c37c674ba27cd6eb91daaa6b112bcc71c1ab7a19530ae29353b7324c4af1c538f409f539e58087054d753636e1ecc0700f1deb2ad2d8e36953d7ad74b0c7b2d401e956d6a6517789c26b760a97c5addb637a57397d6f6f78c61bd886fece3ad769ab5b17bcc9ae47538de1bec75150b9aecd66a165738bd63493a64e0238746e41acef30f7aea7c488a52271d40c62b933d6b78bba3926b96562d85069447cd42b2e2a559a826e5a4b71b738ab310db50477236e0d4a9321ace49b37a7248b22a85e921aaf2329e869934424e6b38e8cd65ef47432a39de239156c6a0cca39c329c8351cf6fb4f1deabf975b68ce6b347d3fa36a2baae8b657c84113c2ae71d8e391f9e6afd799fc23d7566d3a7d1267fdedb932c209ea84f207d0ff003af4c15e1d58724dc4f4212e68a662f8a3c3d0f8934496ca42165fbf0c87f81c743f4ec7d8d78330bcd16fa485da5b5bb81cab1462aca7d88afa52bcebe27f84ff00b46c0eb5651ffa55bafef9547fac8c77fa8fe5f415be16af2be496cc8ab1baba391d33e276bba79549e48efa21da71f363fde1cfe79ae7fc47abaebbaedd6a4b09844e54f965b76dc281d7bf4ac65c9a71e2bbd528465748e6736d599ecbf0861c6817d2e3ef5d6dfc941feb5e8a05713f0a62d9e0dddff3d2e646fd147f4aee00af2eb6b519d90f850d56576751d50ed3f5c03fd6b23c590f9de11d5d31cfd92423f0527fa54fa45c7da2e756e7ee5e94fca38eac6ab179fa45ec5fdf81d7f3522a168d0f747cc51a90735f5241fea23ff747f2af98940286be9e87fd427fba3f9576633789850ea62f8c8edf07eaa476b76af9f64b8cae1857d05e32ff00913f55ff00af76af9dae0f1c76ad305f0b2711ba3e86f0410de0bd2b8e3c81fceafdf689677c8c0a794e7f8e3e0d677817fe44ad2bfeb80fe66ba2ae2726a4da3a12d11e4be22f076a5a4c735f473adc5aa7ccc7a328fa5738b33cd0e0935ebfe333b7c1fa99f484d786c17db473dabd0c2ce528ea73564b98aba85a3b3139ac79619233deb76e6fc67a022abf9b0cfc6066ba9368c1a4cc8499d08e48addd3f50744c6ecd509ac73ca8a6c56f2a7201a249490e9c9c1dcf48d03c48912ac6e7915d843731de90ca7208af1185a58db2735e85e13d44398e32f93ef52a3666929de2ceda1b7da4f15a18fdc8a8e3008c8f4a90ff00aaaa96e453d8e7efd7fd2c67a1ae4b5687ccbf60060015d9dc26fb904f35cfeab6dfe9ec40c022a22b734aaf6384f13c5e5c687b115c69ea6bbcf1828586202b843d4d690d8c6afc414b9a43c5154663c391de9eb3114c084f4a0c6c2802ca5d11dead477878e6b2f0450188a4e28a5268d96904ab8fcaa0da3bd52499877a945c13d6a5c4a53b9a9a55fdc68faa41a8da362681b701d987707d88e2be8ad1756b6d73498350b56cc72ae4af746eea7dc1af99639c66bb5f87fe2d1a06aa6d6e64ff008975d300f9e913766fa763edf4ae3c4d1725ccb747452a893b1eeb485410411906954860082083de9d5e61d47cfde3ff000c7fc239afb34098b1bacc9063a2ff00793f0fe4457281491d2be88f1c68235ff0c5cc0ab9b98479d01efb9474fc4647e35f3fc2e9b08239c57a987aae70d77472548599ef3f0de1f2bc09a7e472fe631ffbf8dfd315d656178322f27c1ba4afadbab7e7cff5add3d2bcf9eb26ce98ec8e5bc1771e7cfe23e73b758997f20a3fa574eea194a9e8462b84f8653f9e7c42d9ceed49e4ff00bebffd55deb51515a4d041dd1f2bb9314ef19fe1623f2afa920e608ffdd1fcabe60d663f275fd421fee5cc8bf931afa82dff00d447fee8fe55d58bd795ff005d0c687531bc629bbc21aa8f5b76af9ea5b6214e2be8bf158cf85752ff00ae06bc2248d406c8f5abc27c2c9afba3db3c0ebb7c17a50ffa603f99ae81885196200f5358de0e503c21a581d3c81567c4081f41bc53d0a571b57958e85b22878d7fe44dd4cf6f24d7ce32dcb2b100f15e8d7d7fa9a6977164b77235b4abb5a373b863db3d2bcd6e622b70cbef5e96169b827739712f5446d33b753424854e734be590326a32a735d47317d2f995719cd6859ddc4e40908158206054b08663c66934869b3ac74b7913e5c135d0f86b469165599720139ae2f4eb3bc95c3206db5e8ba2ea0d656e16e3820545d5cd395dae75914fe4e137735a4a43c15c35ceb914b703cb3b5b3d6ba9d3aebcdb307a9c556e0b4d840a0dcd66eab00fb513fecd4cf3baddf158fabeabe55d1593d2a62caa8b638df1a8c2c62b803d4d76de2ab91701715c49ea6ae1b19d5f8873834d039a9e423351d599972de30c2ac7d9c54568c3a1abe178e290151ad41ed50496a0026b51463dea29ba371486918cc9b6b4340d3e3d575fb0b0999d62b89d63629d40271c541226466b53c183fe2b4d207fd3d27f3a8a92b41b45463ef23b8d43e0cceb96d37558dfd12e10a9ff00be867f9572ba87807c4fa5ee326992ca83f8edf120fc873fa57d14052e2bca8e2eaadf53b5d083d8f3bf863e2892f2d5b41d40b2deda2feebcc18668c76e7baff2c7a57a30af09f1c6a33691f1466d46d58896dcc2c3dfe45c8fa11c7e35ee56d32dc5b453c6729220753ec46454d685ad35d4aa72de3d87374af9a3c516074bf156a568836a25c3141e8a791fa115f4c915e0df13e0d9e3a9f68f9a68e26fa9da17fa56983769b5e44575ee9ed3a0c5e4787b4d87fe79dac4bf920157e46088cc7a0193490c62285235e8aa147e155f5593c9d22f65fee40edf929ae6dd9b6c79d7c1b98cb6face7a996373f886ff000af4f6e95e49f051fe7d653d5613ff00a1ff008d7ae374adb10ad51914be047ccfe2d8bcaf19eae98ff97b90fe6c4ff5afa5601fb94ff7457cf1e3f8bc9f1f6a6beb22b7e68a7fad7d1317faa5fa0ad310ef187a7f9114b47231fc5ae23f09ea6c7a080d782c974b23360f635eefe345cf83b541eb01fe62be7e92d59416e4715ae13e16456dd1f41f83b9f08697ff005c16adebfc68577fee552f05ff00c89ba4e7fe7dd6b66e6da3bcb692de604c6e30d838ae46ed23a16c791491f996cfc570d7b639d47007535ec7af78661d2b4c9aee09d8a2919471ea71d6bccee5905f87c0c57a9424a51ba39311f118979a734716e02b2d6124f4aebef2e62784a8c564c2916ee40e6ab99a61c89c6e61491956c62b6349b40ff332f14f9ad1249c05adcb2b1f2ad738a2acbdd0c3c6f5353aaf0ed942f02fc956757b344906c0299e1bcac42afea70b493023d2a23d0daa7539a7b3595c11c1f6aec74785a2b20a6b1eced5831565cf35d44116cb4c7b568f73086a8cd3347f692a7ad723e295592f17ca7f9b1d2b72fd596f772e73ed5cdeb3b4de82386c739a5165545b1cc6b913244a5bae2b933f78d763afb131853e95c737de35a53d8c6a7c43a4fbd4a3a5249f7e9c07156665ab6e0d68a30c75aa300f96ac01480b4adef50ccc76b5001ec6a3901c30a4c68807cc715abe13511f8d34827fe7ee3fe7597103b8d5dd1a7fb3f8974c98f023ba898fd030acaa6b168d23ba3e9b029696835e19e81f3ffc4ac1f1dea3ff006cbff45ad7b5f85dcc9e14d21cf53650e7fef815e2df1290af8eb502470c2323fefdad7b4f85e331785348461822ce2c8ff800aecaff00c2819417becd6af18f88d6fe7fc4fd26103fd6c702fe72b0af68af28f16c5e7fc64d053aed485bfef991dbfa5678776937e4c7515d1eacbd2abea369f6fd32eacf798fed10bc5bc0ceddc08ce3f1ab2bd296b146870de07f02dd784351bd77bd8ae6de78d554aa956c824f2391dfd6bb83d29690d54a4e4eec51492b23c07e27c5b3c7f7071feb1226ff00c740fe95ef91ff00ab5fa57887c58876f8e2d9bfe7a5ac67ff001e61fd2bdc13ee8fa56d55de10f43387c5231bc5e71e12d48ffd32fea2bc598c66060541f97b57b178e9b6f827553ff4c7fa8af9f96ea4552036462b7c27c2c8acf547d11e0f0078434a03a7d9d6b72b0bc1a49f06e924f7b64fe55ad77770585ac97372fb218c659b19c571bf88d96c6278e9b6f846ece71ca7fe842bc3e7273b8b57b178cf53b0d43c1776d69770cc094fb8e09fbc2bc61e36933c1af4309f03396bfc48a32ca771cb556f39d5b83535c5bc83b552daeadc835d764657669dacede682d5beda8ac56b8046715c9473146e6a796efcc4db53285d58aa75395dcefbc3daf4498462335d989e3b90acbcf15e196d24913ee8db9af4ff000ade196dd1647c9fad4a8d99a4aa73459d3c28ab23715a4b2836f8aa7b573c114f0ac213572dcce9ec64ddc464bd52a78ae7b55b6ff4d62e3b715bff00335ee39aced5d1bed39c76ace2b734a8f6388f11c611540eb8ae29bef1aedbc42a4c9d3f86b896fbc7eb5a52d8cab7c4492ffaca72f4a24019f229d8c0ad0c8b907dd15697154a27c0a9d64a405a014d3244e69aac29e4e578a434558c618d452315983a9c153906ad2479727d6ab4eb890d4167d41a5dea6a3a55a5ec672b3c2b20fc466ad579a7c26f11a5ce9cfa14ef89edf2f064fde8c9e47e07f43ed5e962bc4a9070938b3be32e657391f137c3fb1f12eab0dfc9732c0ea02ca1141f3141fd0f6cd75d146b146b1a2854501540ec052d2d2726d24fa15614d798df0175f1cac57a882df9ff00bf6e47fe842bd309e2bcabc3574babfc65d52ed0ee48e390291d30bb6306b5a5f69f9113e9ea7ab8e94b482b1fc5570f6de13d5e68dd9245b4976b29c10769c106b25abb16cd9cd15e49f0a3c43ab6a5acdcd9dfea13dcc296c5d5666dc410ca3393cf435eb757520e12e564c65ccae8f1df8b717fc553a4c9fdf836fe4e7fc6bd8947cb5e53f1762ff899e812e3a9917f54ff001af565e9573d611f9fe628fc4ce6fc7dc781f55ffae43ff4215f3cb30c74c1afa37c69693def84751b7b685e699d005441927e606bc02f74cbbb43b6ead2781bd258caff003ae9c234a2d18d74ee7d01e0d18f06e91ff5ea9fcaa1f1db14f056a6475f287f3156bc24bb7c23a48f4b58ff009541e364f33c1fa8afac63f98ae45f1fccded78d8f9e7edd203824d5a82fc370c6a1bab6f2b271596d3143815ecad51c124e2eccdf9ae20c72455712dbbf1806b19ae19c62a30eca720d3e52798db92d637c6dc7350cb60531839cd678ba900c6e35622bf618ddcd16634d138b6910702ba0f0fc9751c83048158f05fa3b8535e91e188acda0525413ef48689edaf6e830041c1ee6ba3b597ccb6f9bad466cade439181f4ab2b6e238085349dcb8356284214dd8ce3355b57897cf247a5288e55bbddb4e3dab2b56b9956e48048e3bd25b0e7ba392f11102720ff76b817fbedf5aecf5f98c939ddd42d716df78fd69d25a1359fbc3c66979ab0880d49e4a9ad0c4a81d877a7acec2a66b714c36c6801cb76475a992f17bd5536e4537ca6140cd7b7b88b041ef556e594b9c1aa815d7a669ac5f3cd2b05cbf637d71a75ec37969298ae216dc8ebd8d7bbf847c7da7f88a08e0b874b5d480c344c70243ea87bfd3ad7cee1c8352a4e41ac2b61d555aee6b4eab81f58e6941af9b2cbc75e22d36358edb55b808380b211201f4dc0e2a7baf885e26be88c72ead2aa1ebe52ac67f3500d717d46a5f746ff5989eade3cf1bdbe85632d8594cafaa4aa540539f201fe23efe83f1ae43e0e445b5fd4a73fc16c173f5607ff65af396b8dc4b31c93c927a9adcf0bf8caf3c2935cbd9c16f28b80a1c4ca4fddce318231d6ba1e1dc6938c77647b54e69bd8fa4335ce78f25f2bc0fab37fd31dbf9903fad71369f1a0702f346fab433ff00423fad37c55f11f47d7fc237da7db477515d4c102aca831c3a93c827b035c71c3d48cd5d1b3ab071766677c207ff008ab6e3fdab371ff8fa57b7d782fc2dbdb6b2f166fbab88a08daddd77cae1467230327e95eed0cd14e9be195245fef23023f4a78a5fbc0a3f09e75f16a2dd1e872e3eedd15fcf1fe15e943a570bf1421f3347d2df1f77518c7e61abbb159bf857ccb5bb0ae7bc7407fc215aae403fb9fea2ba1ae7bc77ff00224eabff005cbfa8a50f8904b6659f0a7fc8a7a4ff00d7ac7ffa08ab3ac69c356d2ae2c4ca62f3571bc0ce39cd41e1518f09e93ff5e91ffe822b5a86f5b823c77c45f0df50b3d3ee2ea2ba8278a142ed9cab6073d2bc9a5522522bea7f11ae7c35a98ffa767ffd04d7ccd2db1375802bd2c25494d3e6392bc526ac5211f14d65ad7fb01d9d2abcb66caa4e2ba39b533e476332acdbc0d2f415118c89315d2693683c8dc45394ac829c799d8a16ba6bbca300e6bacb4b89f4d8940c8156746b28da504af35a1ad59ed51b17b56519b93379d28c637425bf891948dcd5b11f8953caf9bf5ae2eced1e6930e8739ade9744616e18123daa9bb19c63cc6bc3e24b60f9675fa564eadacda5cdce38ce2b9ebdd34c40924822b99926956ef01c9c1a4b509686cebcb1962e9dd6b8b6fbc7eb5d3debc8d165ff00bb5cc37de3f5ad21b19d477772cac98a9566f7aa43346e22a883484a314ef314d666f34e129f5a00d2dca69caaa6b344cc3bd3c5c91487734c2262aacb182d8a845d1a04f9607de802fa695be3dfeb4b0e9064638ed57e3b863664a8ed4cd1e695ae1c9e94c4645dd935bc98350088e2b6f5a606419acc5c1ef48641e49c51e4b7a55ac629ca45170b14bcb61da908615a1953da9bb50f6a0762a23b21ab705f4d03ef8a478dff00bc8707f4a7ac0ad4f92d14264526931aba259bc4fabdc4496f3ea5733428e24549642e030e879cd769a77c54f10228f3fec973fefc7b4ffe3a4579a32fef702b422b497cb0c33594a8425d0b8d5923d660f8baabb45d6944e7ab432ff423fad3bc41f10b46d73c2d7d650adcc571346151244182723b826bc8da39d4f7a9126957aae7ea2b3faac2f7457b69753df7c2fe21d1bfe11fd3ad4ea76cb3c76e88f1bc81482140239ae963963954347223a9eea41af97fed27ba73566db58b9b5c7932c9191dd188ac658477d19b46ac5ad4fa2b5f5cf877511eb6effcabe7d3699bd1c56c5b78cf556b37b792fe678dd76b2bb6ec83f5aa82f2069c3e31815bd0a4e9a7731ab2526ac49f633e51f979aab2e9ecca78ad11aa5b8439a0dec52292ac286fde3749721c9cd60eb72015ef5d4e9b67b2d3a55365f32e149c62ba1b508b6a47b55cdb68ca924a44ba3c5b6506b6750883a8acbd37026041e2b66eb0c073534b735afb142c2d5565276f7ad9b951f6618c552b40031ab977cdbe41ad266148e575484ce8cbd2b8392ccc5a8e33919aefeee5c6e24572576776a44e302889353721d6d424498feed7247ef1aeb35d6cc69feed7267a9ad23b19cb727f2cd34c67d29c26a70981eb4c922d949b2a667534d0c334011ec349b4d4db9682568021da69caa722a650a6a511ae3ad006ae9f2a790558f6abf61f6640ec640a7b5735bca0c0349e6b91c1a00b1ab4de65c1dad902a80671de95812dc9a02f1400ef35c51e73526d34f54c8a06209da9e2e0d208f3da97c8a41a9325e05a95ef83478aa660229a6138a2c3bb151c19b26ba4b6ba84400122b96d84354c1a403826868499d2996163d455a8608241d05724ad376cd5a8af6e231de958a3a56d3617cf02aa4da4a86f96b363d5e753c93537f6e30fbd46a1a129d35947ca69058cdeb9a58f5b46e0d5d8752818738a43b229b59cca39069a914cbd8d6a3ea30118c8a7c1776edd48a43bb31da4923707278a9ffb4a78e3c0638ad0945bcad9f96abdd5a4262f97143498d3688acf5f9e294735d027890c81778ae4edac03cdc9ef5b83481b06d7a4a293d06ea36accdeb5d7e1049638ab73ebd6d2440248377a5719369d327dd6cd2436570a72549a1dd841d8de9e7f3c921c5605da88ef4e4839144d24b171820d635d4d29b9c926888a65ad6ce5571d36d72c7a9adcbe7768c6e39e2b0cf5ad23b193dc334668a2a8419a5cd252e2800dd46ea4c51400e0e453c4cdeb50d140131909a15cd4429ea29013a61fad49b0e2a10706a64930707a1a008cb60d384a00a8e6055bd8d4258d005e59d69c665acec9a7a31cd2b14997fcd05a941ca9e2990c464208ab420609cd52b581c5dca8a80c983565a3c63e5a6227ef80adc82cfcc8c122b3b96e3a142031aae5c0a6bdcc0a48c0ad0bbb00b1e40ae72ea328c685a8b9da340496efe959f75b779dbd2aba6e069189cf35490a52b8e8c1cf5ad28e3ca0f9ab28123a53fcf917bd0d0a2d2dcd410bb746a52b347d3354edeee40719ab925cb0414ac5369ec0b3ccbdcd3daea52bc9359c6edb755db69448bc8cd1625308af648a4c835ad16b52e00cd65b22e73b6abc93047e940ef63a54d4646c1383569755644e501ae553515418e6ac4778b38c06a4e235235cead0bcbf3ad50bcbbb692eb21462aa1b7776c83556681d65c106924ae549bb16f5396274023f4ae7cf5ad5990aa1cfa5651eb5a2327b8a290d1453245029d45140c2931451400d349451400e02a551c5145200ef4fa28a009768923c1aaa53e6c0a28a00529b7ad331cd1450069e9d722171bc656b5649e075cae3145152cd6126f46508807b8e3d6badb4454b75268a2a196f6279a3496035c6ea91059c814514e264ccf4419a64a873c5145684891c44f5a4923c1a28a00b169102fcd58bd0a89c0a28a41d0ca072d5ab66836668a28608b3b413d6a196d431cd1454a2999b3c655f1576c131c9a28aa7b12b73a1d3edfcf3d2abead6a6dee3f0a28a515a0e4f5326f48dbf85631eb451551d84f73fffd9, 'Score Big Savings on Laptops in the Spectacular Summer Sale!', 'The scorching summer season brings not only sunny days and sandy beaches but also exciting deals and discounts for savvy shoppers. If you\'re in the market for a brand new laptop, you\'re in luck! Get ready to experience the sizzling Summer Sale that will ignite your tech desires and leave your wallets smiling. With a wide range of sleek and powerful laptops available at jaw-dropping prices, this is the perfect opportunity to upgrade your digital companion for work, play, or both!\n\nUnleash the Power of Portability:\nIn today\'s fast-paced world, having a reliable laptop is essential for staying connected, productive, and entertained on the go. The Summer Sale offers an extensive selection of cutting-edge laptops from renowned brands, allowing you to find the perfect match for your needs. Whether you\'re a student, professional, or gaming enthusiast, this sale is a treasure trove of opportunities to snag a high-performance machine without breaking the bank.\n\nUnbeatable Performance, Unbelievable Prices:\nDuring the Summer Sale, laptop manufacturers and retailers are pulling out all the stops to bring you the best deals possible. Expect to find a myriad of laptops with powerful processors, ample storage, stunning displays, and impressive battery life at significantly discounted prices. From ultrabooks to gaming behemoths, there\'s a laptop to suit every preference and budget.\n\nStay ahead with the Latest Tech:\nIf you\'ve been eyeing that sleek, slim laptop with the latest technological advancements, now is the time to take the plunge. The Summer Sale often showcases the newest releases in the laptop world, allowing you to stay at the cutting edge of innovation. Whether it\'s a laptop with a dazzling OLED display, lightning-fast SSD storage, or a powerful graphics card, you can find your dream machine at a fraction of the original price.\n\nFind Your Perfect Match:\nWith an overwhelming array of options available, it\'s essential to identify your specific requirements and priorities before diving into the Summer Sale. Consider factors such as processor speed, RAM, storage capacity, graphics capabilities, and screen size to ensure you make an informed decision. Whether you need a laptop for work, creative pursuits, or immersive gaming experiences, the Summer Sale offers a diverse range of choices to suit your needs.\n\nConclusion:\nEmbrace the spirit of summer and dive into the exciting Summer Sale to discover fantastic deals on laptops that will elevate your digital experiences. From the sleek and ultra-portable to the powerhouse gaming machines, this sale has something for everyone. Don\'t miss out on the opportunity to bag incredible savings while acquiring a top-of-the-line laptop that will keep you connected, productive, and entertained all year round. Happy shopping!'),
(11, '2023-06-22 09:28:59', 0xffd8ffe000104a46494600010101006000600000fffe003e43524541544f523a2067642d6a7065672076312e3020287573696e6720494a47204a50454720763830292c2064656661756c74207175616c6974790affdb004300080606070605080707070909080a0c140d0c0b0b0c1912130f141d1a1f1e1d1a1c1c20242e2720222c231c1c2837292c30313434341f27393d38323c2e333432ffdb0043010909090c0b0c180d0d1832211c213232323232323232323232323232323232323232323232323232323232323232323232323232323232323232323232323232ffc000110800c8012c03012200021101031101ffc4001f0000010501010101010100000000000000000102030405060708090a0bffc400b5100002010303020403050504040000017d01020300041105122131410613516107227114328191a1082342b1c11552d1f02433627282090a161718191a25262728292a3435363738393a434445464748494a535455565758595a636465666768696a737475767778797a838485868788898a92939495969798999aa2a3a4a5a6a7a8a9aab2b3b4b5b6b7b8b9bac2c3c4c5c6c7c8c9cad2d3d4d5d6d7d8d9dae1e2e3e4e5e6e7e8e9eaf1f2f3f4f5f6f7f8f9faffc4001f0100030101010101010101010000000000000102030405060708090a0bffc400b51100020102040403040705040400010277000102031104052131061241510761711322328108144291a1b1c109233352f0156272d10a162434e125f11718191a262728292a35363738393a434445464748494a535455565758595a636465666768696a737475767778797a82838485868788898a92939495969798999aa2a3a4a5a6a7a8a9aab2b3b4b5b6b7b8b9bac2c3c4c5c6c7c8c9cad2d3d4d5d6d7d8d9dae2e3e4e5e6e7e8e9eaf2f3f4f5f6f7f8f9faffda000c03010002110311003f00f5445a945357814b56ccc7668a6d2d002d1494b40c28a292800a28a2800a28a4a402d2514503128a5a4a002929692900525191450025253a90d0034d21a7534d0034d34d3cd34d031869a69e6986900d34d34f34d3400c34d34f34c3400c34c34f34c3400d34c34f351b50031b9a81979a998d4648cd023aaa4cd2668cd5887668cd3734b9a0076696999a5cd003a8a6e68cd031d45373466801734526693348075266933466800240eb41603a9a63b0c75c564dcdf0b762acc369e9cd6352aa86acda9d273d8d496758d7713c5559afd51d483953deb125d4036577e41ef59f7576601f7b2b5c7531bfca7653c1773667d6bcb7c7a67ffad51d9788a379363b7f093fcab8ebad44382c5b00f19accfb6f90490c493fcab0589a8ddee75bc253b59a3d553558a4230c2aec73ac8060f6cd79441ac6c218487a62ba9d23590d6c4b3e5b193935b431724fde39ea60a36f74ec770ce3bd2e32715c79f13057655f99fae7b0a48fc63e4cf9745283a935ac3189bd5184b0524b43ad9dc458451ba46e82a02b743e63b4fb53f4f9a3bd8fed88c1849ca9f6ab66bad3baba391ab3b333c4fc7cea54d34dca7bfe5569d01ed55dd314aec2c867da233de8f350ff0010a6800f51418508e828e60b0bb81e869a4d44615078e3f1a632b29e18d1cc1ca4c4d309a8b7ca0f634a19dbaa7eb4f990ac29351b1a199b3f76a2666c64a9a2e8561924814124f02bcdb5bf888f6daacb05a461e38fe5dd9ea7bd75fadc1aa5e41e5e9b2c71e410c5c7f2af3b7f86baab3b13731124e4939a7742b1f42e68cd2515603b34669b9a2900ecd2e69b4b9a005cd19a4a2801734669b9a334863b34669b9a4cd003f3466999a3340197abdef911155c873c035c6dd4acf2ed69598f5233ce3dabb2d56ce4b88c0c285cf5c735e7faaed82f0ac09c038de5b049f6af2ea439e6db3d5a52e4824b7285eea92d9de88d9be43f779ab2da979d0e1fae39158b7c85c31957dc66a88be21361cf1d33594a8d8e88d5bee4f7374c11e3cfdde4565bdf48645dd9c536e27324a39ec45567e4edad21048529b668db5d9443b8e704915af65aa148f617db9ea7dbbd73830b175e4d322b8c3609ce4d3704c8e768ec21be8d4b485cb67d2ab4d7ab7acd19c807803354e21fb9dde6aab11dc66ade8fa5acf7cb894c849c92dc669c629233949b67ae784d7c9d06da2feea73f5ada6aa9a4c221b08d700003802ae357a10568a479b3779364278a85854ac6a26a62212306909a5351e726958623530ad3cf5a314ac044530734c638a95cd42d45806af5a46e78a5ef477a5601186d195eb5167d454a4d32811d05149466b6205a5a6d2d002d2e69b466818ecd266933499a403b3499a4cd26690c766933499a4cd003b34f8d77b815166ae58a2b3e49e95327a1515a8e9ad95a22a4123f9579b78bedede07d8aa8ced9c8c1e2bd3ee8f18518fad790f8c75081bc4934224fddc312a900f258f27f98af367369d91ea51a7cc71d7465fb8838f4cd66383193bdf2d5a77b7a029110da3d6b14b348fc64d545b7b94d24488a5f2d8fa541302a723a1ab880fdd079aac0ef92457046c3c66ad221c92238fe7e0e702924521b7018a9b280803a7b5452e4a8f4a6896cd0b0b888801c026bb6f0bdec56d38508ac1bdb9af32594c6f915d3f85350f2f534e9bba804f5a1dd6a4b5747bf5abab5ba1008e3a1a7b9e2a9e997a97768ac319c7ad5a6aed4ee8f3dab3226350b1a95cd42d4c444c69829c69b486213485a90d34d00231e6a2734f6eb51b5200ed499c03484f14c26801c5b8a6eea6d1401d0e68cd47ba8dd5a104b466a3dd4bba90c7e69734ccd19a007669334dcd2134863b3499a6e69334807e69334ccd19a063f357ecc88d0b13cd66835714fee30b58579351b236a114e576666bdaa491c2cb1b6d26bc57552d2ddea12bb12e6e193fef9017fa1af5fd52cccf9049fad78b5de8daf1f127f64b111799999a6037294cfdefae7f5ae2a549b6db3d0759455918fb6e24dc70c54773d2ae5af94aa3cd96353e8735d50f0969eb100eaf34c063733903f2181595a9783da4b6c5bc2b1cca72ad83861e86ba559bb18ca6ecda2216514f134b692ac8ca32429e9f5158979700c98c61c753eb4fb5f0dea905e44268e450cd8f95ce71ec6abdf69d776dad358c07ed6fb770c9008f507deb47057d0c54ddb51e85e48bcc6202d31e754422378cfd79aa77915f09fec92c255d064c79c81f955fd3b48665dd709963d17b015324a2aeca8ca527645257ddf788fad69db44268b6c7284954ee470d8208ad78348b56c298a3ffbe454cfa1592c1234b0a05452c4e318c0f5acdcd33549a3a7f0378926b9c472064b84e244f51ea057a9249e6c6ac3b8af1ef85be1d99651ac5c3ba0910ac29cfcc33f7b3f857b1280178aeaa51e5b9c555dc63d42ddea66a81cd686444d519a7b546681899a6134a4d30f5a40231e698c6949a8d8f34804269a4f141a4340052668ce05275a00dbdf4bbeab88e6feed3c4337a53b8ac4bbe977d462097da9df6793d68ba0b31dbe977d37ecefeb4bf676f5a3990ecc5df485c51f666fef51f653fdea5cc83958ddf49be9ff0065ff006a8fb28fef52e643e563378a4de2a4fb20fef51f645fef52e641cac8c4833572294b2e7b5422d53d6a58e3d830391532b32e17456bc23f3ae035e2f6de29b39892127b692007fda05580fc79ae86f3578dbc4b2daef0b1c2801faf53fcc0a875ed2adf5ad3bcb97705621a375386461d181f5ac5c4e9f877398792e209c328ca83d09aedb4c30dcdb0621778192a7ad701259788acd8214b7bf8d7eebe7cb73f5ed562d755f10db483cad1d11ba02f3823f1c5552f77464d55cdaa3a6d61a1b4b49ef6423f76848cfaf615e336ed3cdac35f056dd2361091dbb9af4d934fbfd423927d6ee22961032b6f0e42647626bccb50d7da3bd0ca23010902351809ed5b7b3d2e65ed127635ac2096df5fba7b88f99d1594b0e180c835a974ca84044018fa553d3e63ac682b24dfba994931c83aa91dff00fad51a41ab29ff00596d27fb4c083fa5734e3a9bc25a16a257888676ea7bd4b34573aecd1691648d8979b8987448f3d01f53d2ab7f67dddd7cb7b7db21ef1c0b8fd4d6e7c37be823f14dc68e597618cb4473f7883d3eb8cfe54e9c15c2acf43d2745b2167a7436e136a46a15063ee81dab4ce453f681c0a6b576256470b77217a85c54cd51350042d4c22a4614c61c503222298454a4714d238a404245308a948a691401091cd34839a971cd1b69010906802a52bcd2629889ff00e120b6fef7e949fdbf6ffdff00d2b0f8f4a5e3d05735d9d1646e7f6f43fdf147f6ec3ff3d0561e148e82976afa0a5763b2368ebb17671f9537fb750f427f2ac90a3d053801e94aec7a1a475bcff7ff002a43ac37657aa14bdc5005dfed593b46d4bfda731e919fcea9804e001927a517534762db6e1b6b63380a4ff2a693626d22f0d42e0f4403f1a922bd9d9c06518fad611d72cd3a973f87f8d3478a6c6239f9f3ee57fc6af9593cc8ecd18ed19524d249318a36762155464f35c83f8f6c95300a29f5322ff8d636a7e2eb4bfb69606bc44120c12920c81583a755b3a635292dce426d6ddb599eeddf025959d89e78ce7815d968de2b1ab4bb1888e18d72493f747f8d719258e84dcb5e4c7fdd907ff114f83fb0ecf88ee2e08ce48e4e7ff1daea51b0ab56a737a1ea36ef15d2798bc2b7dd07ae298f02f98dd302b8683c596b67feaa693f18c9ff000a1bc6ab9243cc73e918ff001a764733675b34646fc3751c83d0d72d2f86749d46491dad06fdc59b6b30c9efdeaa3f8bd5db76db927d828feb5597c5022cf956f7033d70c0517158d1bfb68f4db554842c6a8321474c56626b56a632dbc2b0ea3d2a397c46263f3d8993b7ef2407ff0065aaff00db48bf734bb75fc7ff00b1a86914a4c8356f1146d162dd886e86b1f43d5ae74df1159ea71872d0cc1db03aaf71f88cd6ff00f6fdc2ff00abb38547fbc7fc69ade23d40f48e01f813fd69ab2d81c9b3e844bdb7922591668f6b00c0ee1d0d35aeedf04fda22ff00bec57cf2daf6a6c3ef403fed9d22eb7a880479c833c10231c8fcaafda19f21efefa8598ce6ea2ffbec5576d5f4fc16fb64381d4ef1c5783aeb1a82aed5b800673c20ff000a60d52f95180bb9114f276714bda0f90f765d674d91c22dec3927032d8c9ab66be768355bdbc7787ed170d18218f98e48e0f5c57be698eefa5db170770400e7a9c719aa52bbb325ab6a596e9519e94f6ce2986a842536949c0a6e69009de9091484d3680149e69334d26909a046406a766a2079a7e79ae3b9d2499e29453053850038538534528a063fbd2d369de940115d4b2c56cd243feb171b73eb9af3cd5eeeef53bf926bdb89267cf1b8f007d2bd16619b7907fb26bcef518fcbbd957d188a399ad11518c5ead19df678ff00b8290c318fe0153d35a8bb2ac880a28fe114d207a0a91aa226a95c9630a2ff00747e54dc0f41f9538d349a64310d36949a69a621777b0fca8ddec29b9e690d310a69b4519a2c170a4a33484d02b8514668a0628a3bf1499a51401774a80ddea96b6fc6d925504018cf35ef8b188d15146028c0af18f04dbfda3c596608c8425cfe55ed44f3574f764cfa11114c238a94f5a6356a6644c38a611c54869a4500478a61eb5291c53081408888a43d6a4e334c3d69018a3ad3b3d2980f34eae23a8783c53c1a8c538500480d3854629f9a007f7a5a6679a776a007755208eb5c06b9108756b88d7a2b71f4aefc1e2b87f13a95d6246231bd41a0a89884d46c6959aa266aab0db066a889e6867a899ead44cdb1c4d309a697a696aab10d8f269a4d34bd30b53b0ae3f3466a26703a9a689549c06a7615c9b3499a8f75217a2c1724dd466a2df485e8b05c977519f7a877d2efa2c1726069c0d401ea4539191da958773b9f86906fd7a7988e238b1f9d7aa935e75f0be2021bfb8f5654feb5e805eaa9ecc53dc713cd318f34d2f4c2dcd6840e26984f1484d213400134c2d4a4f14c26810d269a4f34134dc9a4063834e078a8775383715c47593034e06a10d4e56e68113834ecd401a9fbb9a00973cd3b3c545bba52eee28026cd71de30994df42833bd6219fa1271fd6bad0d5cbf8d21885adbdd827cccf96476c6463f99a16e34720ef50b49cd4324dc9e6a079bdeba144cdc89cca0d44d25573254665ab5133722c99290bd55f328f37de9d8572c97a42f55bcdf7a4328a7615c6b48493939a686e451b9339a0c89ed4c458f3492410452192ab99d7fbc29be683d2958772cf994864aafbd8f4563f81a3321ff00966fff007c9a2c2b960c9ef4092abed94f48dff2a511cfff003c9bf31458772c892a58e62b9c771cd54114ff00dcfd69e219f07851c7ad1ca173d8be1ea2db786fcd20069a46627d8702baa370beb5c4f8506a175e1db6fb0a279718f2db71c1dc3aff003ad7369adf7108ff008154c1596a549dde86e1b85f5a6fda17d6b0cda6b3eb6e3fe05486cf57c7fac807e26aae975159f6370dc8cf5a4fb403deb0859ead9f9a783f5a05a6a81b3f69831e98a9f690ee3e4976370cdc75a699811d6b14daea9bb9bb800f4c53bc8bd5ff009788bf5a4eb53ee3f653ec6b9938eb4cf33deb3045767ef5c47f829a77972f7b81ff007cd4baf4fb8fd8d4ec53dfd29de67bd57114e71889ff002a956d6e8f489ab9cd494494e1253574fbc3d22352ae957a7fe59e3ea68d07662093de9de67353268d76dd4a8a99742b8383bc0fc297321f2cbb157cce297cce2b413c3f271ba5fc854abe1f5cfcd2b52e788fd9cbb19625e3ad737e3690cba3c1146ca243296f9ba6d18feb8aefd742b75fbccdf9d71bf112c61b3b7b1f2b3f317ce4fa6dad2938ca691152328c5b3ccda09c9ea9f9d466d673ff002d147e15a0452115dfca8e3e66677d8643d66fc968fb07acadf80157f14dc53b215d94c5827791cfe2297ec11772e7f1ab745164172a8b187fba7fefa34bf6383fe798fc6ac51459015fecb08ff9649f953bc888748d7f2a968a008fcb51d147e54bb47a53a8a006628c53a8c520198a314ec5140c4c518a5a2901dbf81266369790090aec903e01fef0c7fecb5d82dcba9c172f8af3ff0003cdb356b8872312439e7d548ff135de8e0755ae1acbde6765297ba598e712700b67d09a79f7aad0941282ef8c7a0ad00118641247ae2b9a51b33a612ba2be10f386fca8c4607dc6fa8ab2554f527f2a088b6e066a2c5dcadfbb3c6c6cd0510f4fd454876024e3f1e94cde9fdea2c2b9110e4fca8a07b9a30c38f907e06a43320ee71ec290cb1f727f2a2c26cd4458cae42afd29c463eeaad680822fee0fd694c4a0e4003f0aa2ae8cf0cde829c7ccdbc2ad5d28beff0090a429c700fe74587cc530243e95201205e1c7e553ed1e87f1346c07a8a2c2b90ed3dd8d26d00f2c71560818ed498e3a8a2c1722d8a7a135c0fc4ac08f4f033d64ebff0001af43381d4d79ff00c4c2a63d3c039397cffe3b5be1d7ef118e21feed9e7245348a7e38a6d7a6798308a4229e4534d00348a314ec521a006d253a92801290f14ea422801292968a006d14b45218da2968a004a2968ed480d4f0e5c9b5d7ed5c7f11643f883fd715e826edf3dbf95796dbcbe45d432ff72456fc88af4a8559db05140f5c572d75adce8a2f4b139b995ba534dd5d2b7c92328f414ad6f2a1cab8c7a2ae2a331cfd7a71df9ac4dae4c2eeedc7cf2923e94ab2bae4a923dc9a218e53c93c7d2ad2c683931673df152d07315daea52065b3f4a54ba901c150707a9356f681c7943f2a421fb462a6c87cec48ee77e38e7d00a78727ac6df8a8a452ebd300d3bed131f4a97029543af1f374c0a7e40182c05145234133fddcfe54cc13e94514862e064838a3af191fca8a28b8c429c76c535b0abcb0c7d28a29a1085976f6f6af3ff897cc7a7fa8dffd28a2b6c3ff001118d7fe1b3cee9a703bd1457a679e34b2ff00787e74d2e9ddc7e7451408619a21d5d693cf8cf46cfd28a2937629217716fbb1c8df44269c239d8e16d2e0ff00db23fe145158caab45a826482cafdbeed85c1ff80629e34ad4dba58483eaca3fad14564f1122d528920d0f543ff2ecabfef4829e3c3da9b76b71f590ff00851454fb7995eca2483c33a893832db0fa127fa5387856f9badd423e884d1452f6d3ee1ece23c784ae7f8af947d223fe34bff089bf7be7fc23a28a4eacfb8f923d85ff00844d003baeee0fd00a78f09dbf79ae1bea451452f693ee3e48f62787c2b621d4b2cadcf7635da25a6d50558fd09a28a9e66f763b25b08d0cebc8db8fae69864914f2a58fb29a28a571a1cb3ca78f21beb8a994ca40ca30a28a96ca487e1cf4cfe0294f9dd39fc451454f330b21bb643d57f5a695941e8bf8b51451762b23ffd9, 'Unveiling the Hottest New Laptops: Embrace the Power of Innovation', 'In the ever-evolving world of technology, new advancements continue to push the boundaries of what laptops can offer. From stunning displays and lightning-fast processors to sleek designs and enhanced portability, the latest generation of laptops promises to revolutionize the way we work, play, and create. Join us as we dive into the exciting realm of new laptops, where innovation and performance merge to deliver an unparalleled computing experience.\r\n\r\nImpressive Performance:\r\nThe newest laptops on the market boast cutting-edge processors, whether it\'s the latest Intel Core or AMD Ryzen series, ensuring lightning-fast performance and smooth multitasking capabilities. With improved clock speeds and enhanced core counts, these processors offer significant boosts in productivity and seamless execution of resource-intensive tasks.\r\n\r\nStunning Displays:\r\nPrepare to be captivated by the visual splendor of laptops with dazzling displays. From high-resolution 4K screens to vibrant OLED panels, the latest laptops deliver stunning visuals, vivid colors, and exceptional clarity. Whether you\'re editing photos, watching movies, or immersing yourself in the latest video games, these displays bring your content to life with breathtaking detail.\r\n\r\nEnhanced Portability:\r\nNew laptops have embraced the mantra of \"thin and light\" without sacrificing performance. Slim and lightweight designs make these laptops highly portable, allowing you to take your productivity or entertainment on the go. With improved battery life and efficient power management, you can work or play for extended periods without constantly searching for a power outlet.\r\n\r\nIntelligent Features:\r\nLaptops are now equipped with intelligent features that make everyday tasks more convenient and efficient. Built-in fingerprint scanners or facial recognition technology provide secure and seamless login experiences, while voice assistants enable hands-free control for various operations. Some laptops even offer touchscreens and stylus support, expanding possibilities for creativity and interaction.\r\n\r\nGaming Powerhouses:\r\nGaming enthusiasts will rejoice at the latest laptops that pack immense power and graphics capabilities. Dedicated GPUs from NVIDIA or AMD deliver incredible gaming performance, allowing you to enjoy the latest titles with stunning visuals and smooth frame rates. High refresh rate displays and advanced cooling systems ensure an immersive gaming experience without compromising on performance.\r\n\r\nConnectivity and Expandability:\r\nNew laptops come equipped with a range of connectivity options, including USB-C, Thunderbolt, and HDMI ports, enabling seamless connections to external devices and multiple displays. Many models also feature expandable storage options, allowing you to add more space for your growing digital library.\r\n\r\nConclusion:\r\n\r\nThe world of laptops is constantly evolving, and the latest generation of devices has taken innovation to new heights. With impressive performance, stunning displays, enhanced portability, intelligent features, and gaming prowess, these laptops offer something for everyone. Whether you\'re a student, professional, content creator, or gaming enthusiast, these new laptops provide the tools and capabilities to elevate your digital experiences. Explore the market, research different models, and choose the one that best suits your needs, unleashing the power of innovation right at your fingertips.');
INSERT INTO `blog_news` (`id`, `created`, `image`, `title`, `content`) VALUES
(12, '2023-06-22 09:30:05', 0xffd8ffe000104a46494600010101006000600000fffe003e43524541544f523a2067642d6a7065672076312e3020287573696e6720494a47204a50454720763830292c2064656661756c74207175616c6974790affdb004300080606070605080707070909080a0c140d0c0b0b0c1912130f141d1a1f1e1d1a1c1c20242e2720222c231c1c2837292c30313434341f27393d38323c2e333432ffdb0043010909090c0b0c180d0d1832211c213232323232323232323232323232323232323232323232323232323232323232323232323232323232323232323232323232ffc000110800c8012c03012200021101031101ffc4001f0000010501010101010100000000000000000102030405060708090a0bffc400b5100002010303020403050504040000017d01020300041105122131410613516107227114328191a1082342b1c11552d1f02433627282090a161718191a25262728292a3435363738393a434445464748494a535455565758595a636465666768696a737475767778797a838485868788898a92939495969798999aa2a3a4a5a6a7a8a9aab2b3b4b5b6b7b8b9bac2c3c4c5c6c7c8c9cad2d3d4d5d6d7d8d9dae1e2e3e4e5e6e7e8e9eaf1f2f3f4f5f6f7f8f9faffc4001f0100030101010101010101010000000000000102030405060708090a0bffc400b51100020102040403040705040400010277000102031104052131061241510761711322328108144291a1b1c109233352f0156272d10a162434e125f11718191a262728292a35363738393a434445464748494a535455565758595a636465666768696a737475767778797a82838485868788898a92939495969798999aa2a3a4a5a6a7a8a9aab2b3b4b5b6b7b8b9bac2c3c4c5c6c7c8c9cad2d3d4d5d6d7d8d9dae2e3e4e5e6e7e8e9eaf2f3f4f5f6f7f8f9faffda000c03010002110311003f00f2a2b49834e349562131477a28a6018c5271e947345001c519a00a31400ecd2f6a6838a7500273d00ad6b3b164b1d4184f02dd2aac66367d8d1863cf24601e31d7f888f6aa7a7ba43a9da4b21c224c8c49e8306ad5b5a4b6f3ea1a7dd26c925b7639ce7950245208ea085e0f421b348082dd1a59ff00b2ef8792e18ac6f2fca627f43fec938ce7a75f5ce7c91c90caf148acb2231565230411d41ad08eea3bc816defd8e53021b90b968c0e36b7765e9ee31c7a14d610fdb84acbb5a48d4b0ff00687cadff008f2b50067e2a48216b898449b41209258e00006493f4009a4db56b4e6892f104c76c520689dbfba1815ddf8673ef8c53010e9eb29db6770972c33940a558e3fba0fde1f4e78e82a2b7b379fcc62cb14311025964076a67819c027279e002783e94b3c2f6b2b452aed74382339fc88ea3deb5ee0bea2aba6331fb646bbb713febdc293b5bb96192aa79f4ef9a00a125b58496d3cb6d2cea2dc01be50312b1e8001caf4271f374ea2b3c0cd69ea0ab6ba6d859aa80e54dccaddc97c607d02a83f56359e050046579a69c0ea6a43d7153e9fa7ff695eac3e688d011bdc8ce0120703b9c9031efd87340115bd8cf748d2461044a42b492384404f6dcc40cfb53e7d36e6087cf082583bcd0b0741f523a1f63835a17dadb472a5b58450476f6b98e1664121233f7be6c80c7a9200cd536d6353668d8ea17388fee26f3b17db6f4c7b6314019c39a3bd6feb1f63bcd2edb538b4f1653cbf23884e219181604aa9e9c052707009c6066b048f4a4018ab1636f1ce669ee1da3b5800f30a005989e8aa0f73cfd00279c60d7adb95561f035aa28cc93de34f29f4182883ff1d73400cb793c3f7927d9ee21bad3816023b91289801fed8c0fcc7e5deaaeb7a35c6897cd6f2bc734470d15c44731caa402083f420fe354b008c56b69722dee8f77a65e4928484a4b6d29e5613bb6907b852641d3a7d7a8061934d38a9648de295e3914aba12ac0f622a33400831da908cd3b1450037141e28a5a006d2734b45006ae28c538d25301b8e29314ec518a006e28c52e0d2e2801b8a5a5c518a006e29697146280006b5ec35132dc59a5d0f30db95f21ff008860e4464e7ee9e473d33d719155b47863b89e7495030550467b56b9d26ccf5887e668039eb9b76b5bc9eddfef46e50e463a1c55cbd8bcdd1b4ebb072ca5ed9fdb69dcbf5e188ff80d6e5e59c37f792dddd27993ca773b64aee3eb81c51259432d9456857f71131745c9e09ebcf53401c952d742da45aac6ec22390a48f98ff8d60e8c8b7d72c93676f97bb83df2280346329ac2c36b2304be01628643f765038546f438c007e80fad55d646cd6efd7b2dcb8e98e8c6b5a3d2a08a58e540c1d18329dc7823a52dc69f15cccd2cc9b9db19392338fa50053f1108e5d49ae10fdec2302738c01b4fe2a471ea0d64715d33e9c930c38c83b339efb4155fc81c520d26dd3fe58a7e3cd0073048cf35734cb8934cd4e3b9686478ba4a81792bedee3823dc0acdd6331ea7344802aab6001c76af410005031da901c96ad636d04915c5833bda4e0940e496420f2ac7039e41e83ad56b1b6175a8430c9b8445b3215ea1072c47d0035daf5a42be94c0e57c417c2f756754544b7b602da0445202a270319c9e4e4f3dc9acae2bbf23a572fe25cff68423fe99ff0053401918ad6b11f6ed26eed8f2f6d6e6451db01b76efa8cb8ff810f4a9344b68a7d2d5e5891df7b0cb2827ad69c5670c2fbe28951cab2e5460e18608fa1048fc6901c90e6b5b428a3962d545c36cb516ca65901c118951b03d58e0800f193ed5a7fd9967ff003c129eba75a881e211011bb066009e48ce3f99fce80393b895ae6e66b8718695cb91ee4e6a2c5754748b307fd48fccff008d739728a97b3c6830aae4014015f1498a948a615a006629314fc5211400ded498a7114633401ab494ec518a603314b8a5c52e2801314629c05005003714629f8a31400cc518a7628c5005ed0be5b9b9cff757fad6e2924e00249ec2b1345e27b9fa2ff5aed344817c969d802e5b68f6159d5a8a9c398eac1e15e2ab2a69d8cd1697246441263e94c649233b5d194fa118ad49b5af2e6645832aa7192704d5b0d06a16793801877eaa6b9feb15236738e8cf4965b86adcd0a156f25d1a39d909f25f23f84d72fe175cdebffd71fea2ba59772ac8a4f4041ae7bc2c317e7de03ffa10aeb3c3d8ea420156ed74f6b942c1828071cf7a800adb0458d88c8c951f99ac31152504947767a596e169d79ca557e08abb326e6d5ad640ac7391904540715b3a8c627b4122f3b7e61f4ac7dbeb5587abed2177b919961561abb8c7e17aa381d6933addc0f5907f215df019ae1b585ff89e4dff005d57f90aedd7248e7bd6a702dcd4bcb2820b669101dc318e7deb2cb62b73511fe8327e1fcc5601ae6c24a5285e4fa9ebe75469d2c428d35656e9eac797f6ae67c45f35fc271ff2cffad745cd73daf0ff004e87feb9ff005aea3c82cf87971a4aff00beff00ccd6dc76934a9bd22257d456368676e9683fdb7ffd08d761a61ff414fa9fe75cf88aae943991e8e5b838e2eb3a727656be9f231dac2e41ff0050ff00951f639c0e61718f6abcdac3671e48ff00bea9adab96520c3d463ef7ff005aa14f11fca8dde1f2db6955fdcffc8cd2831cd71771f35edc37ac8dfcebb22ed9e0571f2ffc7d4fff005d1bf9d759e390914d22a52b48568022c5211526da4238a008b1498f6a9185371401abd68c53b1462801b8a00a7639a5c5003714b8a762908a004c51477a5c62801b8a314fc52114017747ff005d73f45feb5d3699a82da168e507cb639c8ec6b9bd217f7b71f44feb5d8e9f65697164ae63064e431c9eb58621c543df5a1e8e594eb4ebde8b4a4bb968a595f0ce2390fa8e0ff8d51bbd14042f6cc7239d8ddfe86b3e4b1b98662be5b920f0541e6b7f4f13259a8b924bf3d7a81ef5cb2bd14a5095d763d9a2e18e93a788a3cb25d7faff0082728c4ec6fa1ac3f0d1db74a7d6261fa8ae8ae42bcf332fdd66623e99ae6fc3dc4e87fe999fe95e82d55cf9792e59348ed74f4f3ae97fba9f31abda924d3044890b28e4f3de99a545b2d8c87ab9cfe155e4d5e512b0458ca83c120f4fceb824e752b5e0afca7d1d2850c3e0146bb6bda6ba6ffd7f99a366920b411ccb8232304f5158d3c66299a33fc26afd9ea6f3dc2c722a00dd0afad3757870c930e87e53f5a745ca9d6719f5271d1a589c146a5177e4d35dedfd58f3ad587fc4ee6ffaea9fc857688791f5ae43545ceb337fd758ff0090aeb81e45771f3ab7377513fe832fe1fcc573e457472bdbcc851e442a7a8dd5585a69fdcaff00dfcffebd79d86aca9c5a9267d4e69809e2aaa9d3946c95b57e6cc6c5606ba337b0ff00d733fcebadbf8ade209e415c9ce70d9ae575b19bb8bfdc3fcebd084d4e3cc8f9bc450950a8e9c9a6d761fa367fb3c0f491ff00f4235d7e9a316319faff00335c8e8cbff12fff00b68ffcebb0d3b3fd9f1fd0ff00335cb8dfe1af53d7c83fde25fe1fd51194d349eb17fdf5505d2588b773198f781c61f3fd6a9b699799ff0053ff008f0a69d36ec72616fcc528c229a7ed3f12aae22b4a2e2f0a95faf2bff2202eb8c5722c332487d5cff3aeb4a115ca91f337fbc7f9d769e011914dc54bb78a4c500478a69152eda6114011114dc54c4530af3401a78e690d3bbd18a00414b4b4bf5a006d211cd3c8c5262801a4518a71e9494005252d14017f460c4dc385254ed1c1ee33fe35b56b7d3da3931a1c1eaa7a1ac5d1dfca4b818fe307f4abe6e1719e8de95328a92b32e9d4953929c1d9a36c788063e6b56cfb38aa975ae4b32322426353c1e724d6535c313d07e74824ddd48fceb28e1e9a7748eda99a62ea4791cf4f9138989182b8fa9ae77447f2ae421525d558103ea2b68ca79213701ef58da2291a8b4847de473fa8ad8f3cea96faefcb08af85c600cf6fcaa2f9ff00babff7d7ff005a917681814edc2928a5b22e75673b73b6eddc5432a30650a08e473ffd6ab125d5dcc9b6460cbd704fff005aab871ef4d7908195c67de8714ddda08d49c538a6d26733a8b6ed7cc5c02f2273e9f28ae92167993779a00e8401d2b9cbe53fdba9704007cd8c9c7e02b7e1c33968b013b91fc554416369ff009e8dfa5382027efb7e751906801877a0094a007976c7b9ac3d6597f772aee3d40c9ea2b52547917a93839da7a1f6acdd63127d9d471c3647e5400ed0dda4d343280373b119fad6e45a8dd5b44b1aac2557a6739ae7f450f1e9b1c654000b1073cfde35a8241d4835128466ad246d46bd4a12e6a6eccbff00dbd70a3e6863fd697fe12090820c2b598d8639a6ed1e959fd5e9763a7fb5317fcec984a1bb37e55cc1521d8118209cd6e3ba47d4311ed58d31df73230e84f19adce023c537152639a42280198a8c8e2a72322a3228021229b53119a8caf3401a38a5c52014a7a50018a051476e6800a28cd21a000d37351cb3c50ae6491507b9a863bdb699b6c73293e99a405acf3d697764543ba9a65da3340d26dd91692578b3b0819eb91520bc980fe03ff01ffebd410c65d4b48481d87a544ecd036d93953f75ab35553763d5ab93e229d1555ebe5d5169af26ff0063f23fe34dfb64bfec7e5ffd7aa4d709d8d33cfcf4ad0f28d017b28e857f2a814ecc6d24607041aae24f7a786c9a622c091cff00cb47ff00be8d28924ff9e8ff00f7d1a743677532078ada6753d1950906a75d27503d2ce7ff00be0d4b9456ecd551a9257517f710798fff003d1ffefa346f7ff9e8ff00f7d1a6b2b2315618607041ec6ac4165737233041248a3baaf14db495d93184a4f962aec8080c7279352096518c4d28fa39a2586581f64b1b46de8c3069b42d4969a76649f689bfe7bcbff7d9a5f3a7c7faf97fefb3518538cf6a5c530b0ff366ff009ef2ff00dfc3fe34d62cc4166663eac49a3a52d021a32bf7495fa714ef324ff9e8ff00f7d1a3eb498340c5f3651d247cff00bd49e7cc07fad6fce8229a68010cf30ff9687f2151114f614d340868a297a5140c69e94c22a5229bd281109e334c35291cd46579a00d03494b8a43e9400947d283499a005ce2ab5cdcf97b228c8f3a4e141e9f5a9c9e2b11d5db5a92563c458c7d314808ee34abb918b9951d8f5c9354fec92c2dfbc42a6ba086ea2b81fbb6048eabdc5477b3451c04cbc8ec3b934580a76d7a77f9321278f94ff4ad286324ef71f415cdb960564008e723daba4b39c5cdb871807b8ac6adede47b992468baaf9be2e85c561eb9a578d64528dfe38a815b0454ea4631d31fa1ac0fae8c9495998f776cf0b923aff3aae921ad6bd984aaf04215ae146573d33e9583e7e5c864d8f9c30f7ae9a7cd6d4f8bcd69e1e359fb296bd7faee5e47a9d5aa92354eac4f7ad0f28f45b4b85d33c3f0ccea484895881ea7ff00ae6aa8f18463a59b9fabff00f5a9f26b3a65bdaafef5265180234c31e3daac5a5dd86bb6ee862cede191c723dc579892d6538dcfb29ce4dc6961eb24d2dac9dce6ed621aa6b38c1549642ec33d0752335d3ea7aa2e910c31c30a92dc2af40a0565e9567f61f10cf01390919284f7048c543e257cea11af6110fe66b692556b463d2c79f49cf0982a95569372b5ff00af99b776b1eafa279db30fb0ba7aa91dbf4c573da258adfdf85907ee906e71ebed5bfa21ff00891c39e986ff00d08d60e89a8c76178c65e2391769603a7bd4d2e651a90874d8bc5aa53ab86ad5bed2d7f0dfef3a137f0c9a90d2e3b74788021ce38181d315cfcfa6bb6b2f656c33f371fec8233cfd335b104da658bcb3c1379f34c7850773124f41f8d58881d3a36999449a85d370a3d7d3e83bd4c27ecdfbaba7defb9b57a0b1514aab5a3bbb748f48e9d5f42bea535b68da72e9f6eaaf3b8cbb300719eff5f4ae6335d349a047212f757cdf6994f5e304fb0ef5ce5f5b496372d04b8caf208e847ad74e1e50b593bb3cacce8d74d4e71b4568976f5f323cf34b50f9a29de65749e492669a4669ca73de938ed400c34c352371519a006d28a0f5a05002d34819a5c75a4ef401191cd30e3352b7a54781408bb4da71f5a69a004a43d294fb532801a4d53bc88989e441f315c1c55b6eb5182d29db1fe26a5c9455d9b50c3d4af3e4a6aece537b2c9b812083d454c6e37b8794972063935b179a3c7236f8cec6efe86a9368fe5c6cf2dcc68a3ae7ad4c5f36c6b8ac155c34ad5169dfa02dd412db98b610a7a83d8fa8a7e9b31b7b8f258f073f88ea0ff3fcea1b7fb242fcdc6e078e50d44f22dbdda32b078d4f047a1ea2aa4ae8c70f59d1aaaa47a1d0f9993c1c0a8a6bc2576447ead59735db99bc91f77ae7fbd53ab2851922b3a74fab3d6c666f292e4a2ed7ddff0090df991f721c11dea5b8853504f3e1dab7207ef10f1bfdc7bd46c46303926b42c6c845fbd9797ec3d2b49c9456a79d82c154c5d4e586dd5f632d449100b2232fa64558870f22ab36d048058f6f7ad8b9804cbc0e71deb1a588c4d8c7159c27cda1dd8fcae585f7e3ac4e82ebc3ef6f69e6c5234ce0f2a171c56a7852d6789e69e54644650abb8633589a7788e7b48962963132a8c2927040fad5d9fc573cb114b785612463716dc47d2b1946b49383fbcda955cbe9d48d78369afb3aefebff0004d537b19f15b28618f2fcacfbf5ff00eb545e20b49a5ba8a58a377529b4ed19c1c9ff001ae663918387dc77839ce79cd7436de2691220b3402461fc4adb73f8539529c24a50d74b0a9e36862294e8e21f2dddd3dfe46c7fc83b402afc324447fc08ff00f5cd718cd57f52d626bfc21023881c8407393ee6b3526f2a6590a2bed39dadd0fd6ae853941372dd9cd98e2a9e2271853f862ac8e8f48b78f4eb46d4af3838ca03d40ff134ba3ea7f6fd6e59a6203796444bfdd19e82b0753d627d4760900445e88bd33eb5962e5a2903a3956072083822a7d8b926e5bbfc0d1e3e146708515ee475f57dff00c8ee160babbd6daeeec6c8616fdda93d71d31fceb0bc43a9add6a47cb3958d7664773fe4d66cde21bf9a1313dc1c11838001354acee02dfc2e40215c360d108383e69745a155b134f10950a37f7a576defff000c8d3bab1bcb48e279936891770f6f63ef545af1a0fbe315e96520ba804732068a51919ec6b8bd5b439ad646568f7c47a3638c5634f1726fde3d4c4e434b93f75ba29da5dbdcae510fa027bd4d2334432d29dde800c53eda416f6fe5b46a368e1855099de69b00fccc7033552ab393dcba797e1b0f4ad28f34bccb6b3924075c06e869f93cd4d3c96921d9146db5060393c9c74a801e715d1427292d4f1335c2d2c3d54a9755b0520a71a6d6c7943ba8a69a51499e6801add2a322a46a69a045be94da5ef41a0069ef4da71a69a006ed46601f214f5c55bf29235c0c60743dbe954d88542c4e00ae7aef54b89c955919631c051e9ef59548733b9ed6599a4709094251bf6b7ea74b2cd0a02598281c1c9aa72fd8eed0c6f229078c86e4541a26e9e078e540d17ab54d71a0d9b65919e33d783c50a8754cd2ae7cea5e32a69a3326d0d941314eac3b0618aa0f68e8e519d438e719a9ee185bcbe5c37123e3afcdc0a2e84323068908381b89f5aa516b73c8c454a5395e947957adc8427cc3396c0e7d07b5238591c2c400f7ce335a56f162631e704c2bff007d63359f3444aef41800f2bfdd355630220b2ab020b061dfd2b52d75a961c2dc465c0e370e0fff005e8d2825d6508fde2f5f7ad33a2871f30503d4d274d491be1f175b0f2bd37625b7bc8ae62df13647ea3d8d3678d655c81cf7aaaba62d9ca645b88d08ea0b8ab08e186ec823d8d73ce0e0cfa9c16611c653719ad56e67c88637c1e94f8cd4b752239daa39cf5a8d056d06dabb3e6f1d4a14abb8d37a1612a615120a9474ad0e311db15565971562507159d39233480492700726a9bdc64f1cd24a707279a9a31198d595467b9f7a4172b1676f6157b4f40ecead27210b2f1dc0ce3f9d55941cd471c863901c91cf6a99c6eac6d87aae9d4523d5741ba177a4aabf58c63355355be7b88c420feed0fe758369713c7a34c911c2c8d82475c558f35a40491c05de6bcb50b4ae7e8f46a29455fb15e5b696e1d638b8c72cc7a0ab5fd852c21711b49291f28eedfe03dcd5dd174f9af1c3007ae491c05fa9fe95d6369c444511be7618690f53edec28954e57633953837cdd5fe079932cd05fb095d48fbbb13955fc6ac03cd6a7883c3d3d8a1b85f9e33d48ed58d13ef404f51d6bbf0f539958f91ce309eca7ed17525fc68e9499c8a538047ad749e28b4d34b9ef467f2a0061eb498a711cd30b628116c1e683499a09a0043d29a47bd2d21e01e33f4a00cfd5a6f2ad4a0fbd271f877ae780dcc00ef5bd3e9d2ddcc649e408bd022f381f5a7c5a6dbc2c1954b30eec735205db2d96962a588500739aa17b35e5ee63810ac5fde3deac380ca55b90460834db294da4c2d9c6627ff56c7b7b55defa13628c7a7476c8649792064934cf295a40581dd8e07a55dd4df3325ba75277363d3b0a7344023b8fbdb7f5a7601d69102d2395ce4f3fcaa9496fb2f1d3b49d3eb5a5a702ca7a020e7da9f7f69e6a6f8f21d4f22b9613b4b53eaf15972ab818ca9ad62befee6046cfa7de6f04a11c66a2b9d4aeae1cee90fe06b5aea38ee615c8c49d2a8ea51da41708a8a72aa03a83d6ba1a68f95453b7b69aedc85e477627815a887c98561462c077a861b992488208d6341d02d4c8b58f2b93d763d1857a78787ee5de4f77d8555c9c9a9d569a8b52aad6a8e06db7763d454829a29e29886b8e2a85c2726b488e2aa5c2e45219912a6548a65abe0943d0f22acc8b4b6eab1ca92855ca9cf233512972ea6d468fb5972dec345bc93b61119d8f6519ab0be1dd4a45dc2dca8ff68815d7bf94d78b749958a5456458d09ea39e9ef497371348c88e2482063839e1dbf0ed5c92c4c9ec8fa5a390504bdf937e9a7f9989a7db5cc56de431fba7071d3e99f5ad3861628ead1b6dc28e067760f4e3fcf157a7d6edbcc874bb38235519f3081f7140c9e7d6ace99692158e391cc6268fe561cf3d7bd61293dda3dcc32a6a1c907751d3eee84b69abc1a75a7eee195907de291b3107f2c0a865f1bd9a1c8b4bc623fd9c0ab06ca6b28de289024ecdbb3b88597dc63bfb54305a9d51da0beb3546ed2a0c107fad66b937687563525ac256f95ccad4fc76d7968f6d0d9850e304bbe48fc2b97b4b96fb56c73f2c8381ef5bdab6893584a55d4489d8919ac57b38cb860ac8c0e41535db4674e3f0a3e731f82c6d5d253baed6b1a00d04d31483d0f3e869c7a576464a5b1e055a1568bb548d8334123b5328cd3301e5b3c5447934b9a43c9a00b9413499e693de80149e69334679eb499c5002373c5308ef4e269a79a00611d6a29503a95619153534e01c9e82802a32ed9cc8ddf819f4153c2c5c3023b552ba9f320a96d26c313ed55b13ac99a7618588f1c64d5c247ae08f5ef552cb02dc03df8a7cf72b0a6e63dba7ad7033f49a0d53a31bf4454d459ade369a1452e7b1ec7d45604703cb21925c96272735a733cb72fb9b81d853562c574c399ad4f88cc9e1dd76e8aff21a898a99569552a40b5679e0a31520a4029c2980e14e14dcd283400e350c8b9153531864500664cbd6abab852431c0f5abd3a550953a8a992bab1a53a8e12524753e18d5adecd6e05cce1502ee5058f5f6154356d71ef2e19a12cabd031e08ff000ae6e26314a09fa1ab678c9fcab1861e0a5cccf46ae718895254a3eeafc4dcf0a5a0bcbcb877e8a9b47bf393fcbf5aefd8010c657831907f0079ae6bc196a21b1f348f9a4f9aba3760a0e7a6315c1889735467d565747d8e16117bbd7efd4bf73776f1a6d9990a9ecd5c75c78aaf34ad5258e2f2ef2d09dd1abfde00f6ddf5f5cd625dde5d5e49ba5908f653502a05e9d6ba28e16df19e36619c41ae5c3b774f7e876326bf63ac5b04914c121fe193a7e06b1eef4b9231bc2e57b115940559b7bdb8b71b6394853d54f23f2ab785b7c0c8c3e7cedcb5e37f35fe442f10e9d1aa30197ab56cdbea3652301776db4ff7e3e47e5506ad6f6a8eb3d94eb244fd40eaa7e94538da569a34c7e2e3568fb4c34d3eeadafdcccecd213c521a6b1aeb3e65bbbb8b9a4cd373cd14c45e04669738e7151eea09f7a005dd484d34b75a33400ea6d2668ce38a005aa3a8ca628d141e58ff002ab84d63ea126fbb2a3a2003f1eb4015dd8b366a6b40d25c2a03d41ce6a3782448c48c8429f5ab5a5ae6591fd063f3ff00f5526117669a352298c30e3692c463151796d23f9931dcdd876153669a4d671a693b9e9e2734ad5e0a0b4434ad376d3a92b53cc1314ea4a33400a29c2999a5cd003f34533346ea009334879a6e68cd003245c8aa8f1f3d2ae31cd46572680284b68255f97871d29f0da48e803fca471eb56c2f352ad203b7d1adc5be9d020ed1a8cfe1575b6b363deaa1b98edac232cc15563524fe15462d4d274df193ee0f515e338b7791fa353a905cb4efadb63979062461e84d02890e647fa9a6eeaf651f9dcb493438e302973e94cdd4669922934dcf34d66a6eea009375309a4278a666801c5a93269b9cd2838a00b5ba82d451400139a03628a2800dd499a28a0009aaf1dbc71bb487e6918e771a28a0091d5644646e548a8ed60fb3c6cb9c92d9cd145004fba909a28a004cd213451400668cd145002668dd4514006ea375145020dd46ea28a0037519a28a0619a5068a2802edeea2f74113256350001ea7d6abc370d048181e3b8f5a28a8508a8f2f43a1e2aababedb9bde2366cb123d69370a28aa3193e66db1334d2d4514c91a5a9375145001bb8a6934514006ef4a4dd451480fffd9, 'Unleash the Savings: Embrace the Excitement of Cyber Week Sales!', 'The holiday season is upon us, and with it comes the highly anticipated Cyber Week—a week of unparalleled deals and discounts that will make your shopping spree truly unforgettable. As the virtual doors swing wide open, online retailers are gearing up to offer jaw-dropping sales on a wide array of products. Get ready to navigate the digital landscape and discover incredible bargains on everything from electronics and fashion to home appliances and more. Join us as we delve into the thrilling world of Cyber Week sales and unveil the secrets to unlocking the best deals.\r\n\r\nUnbelievable Discounts:\r\nDuring Cyber Week, online retailers go all out to entice shoppers with irresistible discounts. Prepare to be amazed as prices are slashed to their lowest, allowing you to save big on items that have been lingering on your wish list. Whether you\'re looking for the latest gadgets, fashionable apparel, home decor, or even travel experiences, Cyber Week sales offer an excellent opportunity to score incredible deals and stretch your budget further.\r\n\r\nWide Range of Products:\r\nOne of the major advantages of Cyber Week sales is the sheer diversity of products available. From tech enthusiasts and fashionistas to home chefs and DIY enthusiasts, everyone can find something that piques their interest. The online realm opens up a vast array of possibilities, giving you the freedom to explore countless options and discover products tailored to your unique needs and preferences.\r\n\r\nConvenient Online Shopping:\r\nGone are the days of battling crowded stores or standing in long checkout lines. Cyber Week allows you to shop from the comfort of your own home, avoiding the chaos and stress associated with traditional brick-and-mortar stores. With just a few clicks, you can compare prices, read reviews, and make well-informed purchasing decisions. The convenience of online shopping during Cyber Week ensures that you can snag the best deals without leaving the couch.\r\n\r\nExclusive Online-Only Offers:\r\nCyber Week is known for its online exclusivity. Many retailers offer deals that are only available on their websites or through online platforms. This means you have access to exclusive discounts and promotions that you won\'t find anywhere else. Keep an eye out for limited-time flash sales, bundle offers, and free shipping deals to maximize your savings during this exciting week.\r\n\r\nEarly Holiday Shopping:\r\nCyber Week presents a fantastic opportunity to get a head start on your holiday shopping. By taking advantage of the incredible deals, you can check off items on your gift list early, avoiding the last-minute rush and ensuring you find the perfect presents for your loved ones. Embrace the spirit of giving by finding thoughtful and budget-friendly gifts during Cyber Week sales.\r\n\r\nConclusion:\r\n\r\nPrepare for the shopping extravaganza of the year as Cyber Week arrives with a bang, offering unbeatable discounts and an extensive range of products. Whether you\'re shopping for yourself or searching for the ideal gifts for family and friends, Cyber Week sales provide an unmatched opportunity to save big and fulfill your shopping desires. Get your mouse-clicking finger ready, explore the virtual aisles of your favorite online retailers, and uncover the best deals that will make this Cyber Week a memorable and rewarding experience. Happy shopping!');

-- --------------------------------------------------------

--
-- Tabellenstruktur für Tabelle `categories`
--

CREATE TABLE `categories` (
  `id` int(11) NOT NULL,
  `name` varchar(50) NOT NULL
) ENGINE=InnoDB DEFAULT CHARSET=utf8mb4 COLLATE=utf8mb4_general_ci;

--
-- Daten für Tabelle `categories`
--

INSERT INTO `categories` (`id`, `name`) VALUES
(1, 'Computers'),
(2, 'Laptops'),
(3, 'Tablets'),
(4, 'Printers'),
(5, 'Headphones'),
(6, 'Speakers'),
(7, 'Cameras'),
(8, 'Microphones'),
(9, 'Gaming Consoles'),
(10, 'Smart Home Devices'),
(11, 'TVs'),
(12, 'Projectors'),
(13, 'VR Headsets'),
(14, 'Drones'),
(15, 'Accessories');

-- --------------------------------------------------------

--
-- Tabellenstruktur für Tabelle `contact_query`
--

CREATE TABLE `contact_query` (
  `id` int(11) NOT NULL,
  `created` datetime NOT NULL DEFAULT current_timestamp(),
  `name` varchar(256) NOT NULL,
  `email` varchar(256) NOT NULL,
  `subject` varchar(256) NOT NULL,
  `message` text NOT NULL
) ENGINE=InnoDB DEFAULT CHARSET=utf8mb4 COLLATE=utf8mb4_general_ci;

--
-- Daten für Tabelle `contact_query`
--

INSERT INTO `contact_query` (`id`, `created`, `name`, `email`, `subject`, `message`) VALUES
(1, '2023-01-14 23:05:08', 'Daniel Pfeifhofer', 'daniel.pfeifhofer.98@gmail.com', 'Reservierung stornieren bitte', 'Habe kein Geld mehr. Danke!'),
(2, '2023-01-14 23:05:08', 'Daniel Holzner', 'daniel.pfeifhofer.98@gmail.com', 'Seven Summits', 'Servus'),
(6, '2023-06-21 22:04:35', 'Daniel Pfeifhofer', 'daniel.pfeifhofer.98@gmail.com', 'C++ Test', 'Imagine');

-- --------------------------------------------------------

--
-- Tabellenstruktur für Tabelle `new_orders`
--

CREATE TABLE `new_orders` (
  `id` int(11) NOT NULL,
  `orderid` int(11) NOT NULL,
  `buyer_name` varchar(50) NOT NULL,
  `buyer_email` varchar(50) NOT NULL,
  `product_id` int(11) NOT NULL,
  `quantity` int(11) NOT NULL,
  `total_price` decimal(10,0) NOT NULL,
  `status` varchar(20) NOT NULL,
  `order_date` timestamp NOT NULL DEFAULT current_timestamp()
) ENGINE=InnoDB DEFAULT CHARSET=utf8mb4 COLLATE=utf8mb4_general_ci;

--
-- Daten für Tabelle `new_orders`
--

INSERT INTO `new_orders` (`id`, `orderid`, `buyer_name`, `buyer_email`, `product_id`, `quantity`, `total_price`, `status`, `order_date`) VALUES
(1, 1, 'Buyer 1', 'buyer1@example.com', 20, 5, '1220', 'Pending', '2022-10-26 22:00:00'),
(2, 2, 'Buyer 2', 'buyer2@example.com', 6, 4, '890', 'Pending', '2022-05-03 22:00:00'),
(3, 3, 'Buyer 3', 'buyer3@example.com', 8, 4, '910', 'Pending', '2023-05-15 22:00:00'),
(4, 4, 'Buyer 4', 'buyer4@example.com', 3, 2, '1590', 'Pending', '2023-05-09 22:00:00'),
(5, 5, 'Buyer 5', 'buyer5@example.com', 12, 3, '1060', 'Pending', '2023-02-08 23:00:00'),
(6, 6, 'Buyer 6', 'buyer6@example.com', 55, 2, '1240', 'Pending', '2023-02-02 23:00:00'),
(7, 7, 'Buyer 7', 'buyer7@example.com', 4, 3, '1520', 'Pending', '2022-05-03 22:00:00'),
(8, 8, 'Buyer 8', 'buyer8@example.com', 21, 4, '1730', 'Pending', '2023-06-01 22:00:00'),
(9, 9, 'Buyer 9', 'buyer9@example.com', 46, 5, '1510', 'Pending', '2023-05-02 22:00:00'),
(10, 10, 'Buyer 10', 'buyer10@example.com', 58, 4, '1270', 'Pending', '2023-01-03 23:00:00'),
(11, 11, 'Buyer 11', 'buyer11@example.com', 56, 3, '2020', 'Pending', '2022-01-08 23:00:00'),
(12, 12, 'Buyer 12', 'buyer12@example.com', 21, 4, '1210', 'Pending', '2022-06-21 22:00:00'),
(13, 13, 'Buyer 13', 'buyer13@example.com', 54, 5, '1210', 'Pending', '2023-02-24 23:00:00'),
(14, 14, 'Buyer 14', 'buyer14@example.com', 56, 1, '2450', 'Pending', '2023-02-26 23:00:00'),
(15, 15, 'Buyer 15', 'buyer15@example.com', 26, 4, '2420', 'Pending', '2022-09-05 22:00:00'),
(16, 16, 'Buyer 16', 'buyer16@example.com', 37, 2, '1750', 'Pending', '2023-04-21 22:00:00'),
(17, 17, 'Buyer 17', 'buyer17@example.com', 37, 1, '1830', 'Pending', '2022-06-06 22:00:00'),
(18, 18, 'Buyer 18', 'buyer18@example.com', 23, 3, '2020', 'Pending', '2022-02-07 23:00:00'),
(19, 19, 'Buyer 19', 'buyer19@example.com', 16, 5, '1790', 'Pending', '2022-02-24 23:00:00'),
(20, 20, 'Buyer 20', 'buyer20@example.com', 14, 1, '590', 'Pending', '2022-12-01 23:00:00'),
(21, 21, 'Buyer 21', 'buyer21@example.com', 6, 5, '2290', 'Shipped', '2023-03-24 23:00:00'),
(22, 22, 'Buyer 22', 'buyer22@example.com', 29, 1, '1460', 'Shipped', '2022-01-15 23:00:00'),
(23, 23, 'Buyer 23', 'buyer23@example.com', 6, 4, '500', 'Shipped', '2023-04-25 22:00:00'),
(24, 24, 'Buyer 24', 'buyer24@example.com', 28, 5, '1240', 'Shipped', '2022-02-17 23:00:00'),
(25, 25, 'Buyer 25', 'buyer25@example.com', 6, 2, '870', 'Shipped', '2022-01-20 23:00:00'),
(26, 26, 'Buyer 26', 'buyer26@example.com', 51, 5, '550', 'Shipped', '2022-02-10 23:00:00'),
(27, 27, 'Buyer 27', 'buyer27@example.com', 9, 2, '730', 'Shipped', '2022-08-23 22:00:00'),
(28, 28, 'Buyer 28', 'buyer28@example.com', 5, 2, '550', 'Shipped', '2022-12-27 23:00:00'),
(29, 29, 'Buyer 29', 'buyer29@example.com', 4, 5, '1420', 'Shipped', '2022-08-13 22:00:00'),
(30, 30, 'Buyer 30', 'buyer30@example.com', 26, 2, '1450', 'Shipped', '2022-10-22 22:00:00'),
(31, 31, 'Buyer 31', 'buyer31@example.com', 32, 2, '910', 'Shipped', '2022-07-25 22:00:00'),
(32, 32, 'Buyer 32', 'buyer32@example.com', 25, 5, '1470', 'Shipped', '2021-12-31 23:00:00'),
(33, 33, 'Buyer 33', 'buyer33@example.com', 48, 5, '880', 'Shipped', '2022-12-09 23:00:00'),
(34, 34, 'Buyer 34', 'buyer34@example.com', 47, 1, '1950', 'Shipped', '2022-05-22 22:00:00'),
(35, 35, 'Buyer 35', 'buyer35@example.com', 2, 1, '1390', 'Shipped', '2022-12-05 23:00:00'),
(36, 36, 'Buyer 36', 'buyer36@example.com', 29, 2, '1740', 'Shipped', '2023-05-24 22:00:00'),
(37, 37, 'Buyer 37', 'buyer37@example.com', 44, 4, '2060', 'Shipped', '2023-04-30 22:00:00'),
(38, 38, 'Buyer 38', 'buyer38@example.com', 31, 4, '1330', 'Shipped', '2022-10-28 22:00:00'),
(39, 39, 'Buyer 39', 'buyer39@example.com', 27, 5, '1260', 'Shipped', '2023-01-26 23:00:00'),
(40, 40, 'Buyer 40', 'buyer40@example.com', 29, 5, '710', 'Shipped', '2022-03-05 23:00:00'),
(41, 41, 'Buyer 41', 'buyer41@example.com', 58, 1, '650', 'Delivered', '2023-03-29 22:00:00'),
(42, 42, 'Buyer 42', 'buyer42@example.com', 55, 5, '870', 'Delivered', '2023-03-13 23:00:00'),
(43, 43, 'Buyer 43', 'buyer43@example.com', 37, 5, '1510', 'Delivered', '2022-01-16 23:00:00'),
(44, 44, 'Buyer 44', 'buyer44@example.com', 24, 5, '1540', 'Delivered', '2023-06-05 22:00:00'),
(45, 45, 'Buyer 45', 'buyer45@example.com', 33, 1, '830', 'Delivered', '2023-03-10 23:00:00'),
(46, 46, 'Buyer 46', 'buyer46@example.com', 32, 2, '680', 'Delivered', '2022-08-01 22:00:00'),
(47, 47, 'Buyer 47', 'buyer47@example.com', 14, 3, '520', 'Delivered', '2022-09-20 22:00:00'),
(48, 48, 'Buyer 48', 'buyer48@example.com', 26, 3, '1970', 'Delivered', '2022-09-17 22:00:00'),
(49, 49, 'Buyer 49', 'buyer49@example.com', 19, 4, '2110', 'Delivered', '2023-04-23 22:00:00'),
(50, 50, 'Buyer 50', 'buyer50@example.com', 45, 1, '1630', 'Delivered', '2023-03-16 23:00:00'),
(51, 51, 'Buyer 51', 'buyer51@example.com', 18, 1, '580', 'Delivered', '2022-07-29 22:00:00'),
(52, 52, 'Buyer 52', 'buyer52@example.com', 23, 4, '1280', 'Delivered', '2023-01-05 23:00:00'),
(53, 53, 'Buyer 53', 'buyer53@example.com', 17, 4, '1320', 'Delivered', '2023-04-17 22:00:00'),
(54, 54, 'Buyer 54', 'buyer54@example.com', 31, 1, '1790', 'Delivered', '2022-03-18 23:00:00'),
(55, 55, 'Buyer 55', 'buyer55@example.com', 54, 5, '2030', 'Delivered', '2022-03-27 22:00:00'),
(56, 56, 'Buyer 56', 'buyer56@example.com', 42, 5, '600', 'Delivered', '2022-04-13 22:00:00'),
(57, 57, 'Buyer 57', 'buyer57@example.com', 51, 4, '910', 'Delivered', '2023-02-26 23:00:00'),
(58, 58, 'Buyer 58', 'buyer58@example.com', 35, 2, '1880', 'Delivered', '2023-03-21 23:00:00'),
(59, 59, 'Buyer 59', 'buyer59@example.com', 9, 4, '510', 'Delivered', '2022-12-05 23:00:00'),
(60, 60, 'Buyer 60', 'buyer60@example.com', 9, 3, '1110', 'Delivered', '2022-01-16 23:00:00'),
(61, 61, 'Buyer 61', 'buyer61@example.com', 42, 4, '870', 'Delivered', '2023-05-04 22:00:00'),
(62, 62, 'Buyer 62', 'buyer62@example.com', 25, 1, '2180', 'Delivered', '2023-06-10 22:00:00'),
(63, 63, 'Buyer 63', 'buyer63@example.com', 28, 3, '1830', 'Delivered', '2022-04-12 22:00:00'),
(64, 64, 'Buyer 64', 'buyer64@example.com', 47, 1, '1510', 'Delivered', '2022-10-21 22:00:00'),
(65, 65, 'Buyer 65', 'buyer65@example.com', 49, 4, '1320', 'Delivered', '2022-02-02 23:00:00'),
(66, 66, 'Buyer 66', 'buyer66@example.com', 44, 1, '1840', 'Delivered', '2023-02-22 23:00:00'),
(67, 67, 'Buyer 67', 'buyer67@example.com', 31, 4, '800', 'Delivered', '2023-04-24 22:00:00'),
(68, 68, 'Buyer 68', 'buyer68@example.com', 32, 4, '1130', 'Delivered', '2022-11-11 23:00:00'),
(69, 69, 'Buyer 69', 'buyer69@example.com', 28, 3, '1870', 'Delivered', '2022-05-29 22:00:00'),
(70, 70, 'Buyer 70', 'buyer70@example.com', 5, 4, '2250', 'Delivered', '2022-04-29 22:00:00'),
(71, 71, 'Buyer 71', 'buyer71@example.com', 13, 2, '2190', 'Delivered', '2022-10-28 22:00:00'),
(72, 72, 'Buyer 72', 'buyer72@example.com', 18, 2, '1980', 'Delivered', '2022-07-12 22:00:00'),
(73, 73, 'Buyer 73', 'buyer73@example.com', 35, 3, '2220', 'Delivered', '2023-02-06 23:00:00'),
(74, 74, 'Buyer 74', 'buyer74@example.com', 27, 4, '800', 'Delivered', '2023-03-02 23:00:00'),
(75, 75, 'Buyer 75', 'buyer75@example.com', 8, 2, '1840', 'Delivered', '2023-01-13 23:00:00'),
(76, 76, 'Buyer 76', 'buyer76@example.com', 53, 4, '1100', 'Delivered', '2022-04-04 22:00:00'),
(77, 77, 'Buyer 77', 'buyer77@example.com', 61, 3, '990', 'Delivered', '2022-04-06 22:00:00'),
(78, 78, 'Buyer 78', 'buyer78@example.com', 44, 5, '1100', 'Delivered', '2023-04-18 22:00:00'),
(79, 79, 'Buyer 79', 'buyer79@example.com', 22, 1, '2100', 'Delivered', '2023-03-28 22:00:00'),
(80, 80, 'Buyer 80', 'buyer80@example.com', 13, 3, '1570', 'Delivered', '2022-10-05 22:00:00'),
(81, 81, 'Buyer 81', 'buyer81@example.com', 28, 5, '1670', 'Delivered', '2022-08-07 22:00:00'),
(82, 82, 'Buyer 82', 'buyer82@example.com', 12, 5, '740', 'Delivered', '2023-06-10 22:00:00'),
(83, 83, 'Buyer 83', 'buyer83@example.com', 45, 1, '1580', 'Delivered', '2023-03-10 23:00:00'),
(84, 84, 'Buyer 84', 'buyer84@example.com', 49, 1, '1050', 'Delivered', '2022-05-30 22:00:00'),
(85, 85, 'Buyer 85', 'buyer85@example.com', 10, 4, '570', 'Delivered', '2023-06-13 22:00:00'),
(86, 86, 'Buyer 86', 'buyer86@example.com', 30, 1, '2110', 'Delivered', '2022-03-03 23:00:00'),
(87, 87, 'Buyer 87', 'buyer87@example.com', 3, 3, '1090', 'Delivered', '2023-04-19 22:00:00'),
(88, 88, 'Buyer 88', 'buyer88@example.com', 27, 5, '1130', 'Delivered', '2022-02-03 23:00:00'),
(89, 89, 'Buyer 89', 'buyer89@example.com', 16, 4, '1670', 'Delivered', '2023-03-21 23:00:00'),
(90, 90, 'Buyer 90', 'buyer90@example.com', 3, 2, '710', 'Delivered', '2023-05-23 22:00:00'),
(91, 91, 'Buyer 91', 'buyer91@example.com', 55, 5, '560', 'Delivered', '2023-03-25 23:00:00'),
(92, 92, 'Buyer 92', 'buyer92@example.com', 37, 5, '2160', 'Delivered', '2022-06-28 22:00:00'),
(93, 93, 'Buyer 93', 'buyer93@example.com', 35, 3, '660', 'Delivered', '2022-08-06 22:00:00'),
(94, 94, 'Buyer 94', 'buyer94@example.com', 35, 3, '1990', 'Delivered', '2023-02-08 23:00:00'),
(95, 95, 'Buyer 95', 'buyer95@example.com', 16, 2, '2050', 'Delivered', '2022-06-06 22:00:00'),
(96, 96, 'Buyer 96', 'buyer96@example.com', 37, 1, '1340', 'Delivered', '2023-06-08 22:00:00'),
(97, 97, 'Buyer 97', 'buyer97@example.com', 37, 1, '1440', 'Delivered', '2023-05-31 22:00:00'),
(98, 98, 'Buyer 98', 'buyer98@example.com', 39, 3, '1560', 'Delivered', '2022-04-19 22:00:00'),
(99, 99, 'Buyer 99', 'buyer99@example.com', 36, 1, '780', 'Delivered', '2022-05-05 22:00:00'),
(100, 100, 'Buyer 100', 'buyer100@example.com', 35, 2, '1280', 'Delivered', '2022-04-16 22:00:00'),
(101, 101, 'Buyer 101', 'buyer101@example.com', 23, 5, '1290', 'Delivered', '2022-06-12 22:00:00'),
(102, 102, 'Buyer 102', 'buyer102@example.com', 17, 3, '1170', 'Delivered', '2022-06-03 22:00:00'),
(103, 103, 'Buyer 103', 'buyer103@example.com', 7, 1, '1650', 'Delivered', '2022-08-11 22:00:00'),
(104, 104, 'Buyer 104', 'buyer104@example.com', 11, 4, '2330', 'Delivered', '2022-07-19 22:00:00'),
(105, 105, 'Buyer 105', 'buyer105@example.com', 2, 2, '1990', 'Delivered', '2022-10-20 22:00:00'),
(106, 106, 'Buyer 106', 'buyer106@example.com', 13, 5, '2280', 'Delivered', '2022-12-31 23:00:00'),
(107, 107, 'Buyer 107', 'buyer107@example.com', 18, 1, '880', 'Delivered', '2023-02-25 23:00:00'),
(108, 108, 'Buyer 108', 'buyer108@example.com', 14, 1, '1020', 'Delivered', '2023-05-25 22:00:00'),
(109, 109, 'Buyer 109', 'buyer109@example.com', 7, 1, '1470', 'Delivered', '2023-02-17 23:00:00'),
(110, 110, 'Buyer 110', 'buyer110@example.com', 23, 5, '1060', 'Delivered', '2023-05-26 22:00:00'),
(111, 111, 'Buyer 111', 'buyer111@example.com', 14, 3, '1090', 'Delivered', '2023-03-06 23:00:00'),
(112, 112, 'Buyer 112', 'buyer112@example.com', 51, 5, '610', 'Delivered', '2023-01-30 23:00:00'),
(113, 113, 'Buyer 113', 'buyer113@example.com', 39, 3, '950', 'Delivered', '2022-10-23 22:00:00'),
(114, 114, 'Buyer 114', 'buyer114@example.com', 49, 2, '2300', 'Delivered', '2023-04-21 22:00:00'),
(115, 115, 'Buyer 115', 'buyer115@example.com', 7, 1, '1710', 'Delivered', '2023-02-08 23:00:00'),
(116, 116, 'Buyer 116', 'buyer116@example.com', 46, 1, '1640', 'Delivered', '2022-09-30 22:00:00'),
(117, 117, 'Buyer 117', 'buyer117@example.com', 16, 1, '1220', 'Delivered', '2022-07-27 22:00:00'),
(118, 118, 'Buyer 118', 'buyer118@example.com', 48, 3, '1470', 'Delivered', '2023-02-15 23:00:00'),
(119, 119, 'Buyer 119', 'buyer119@example.com', 18, 1, '1960', 'Delivered', '2023-02-01 23:00:00'),
(120, 120, 'Buyer 120', 'buyer120@example.com', 33, 3, '1090', 'Delivered', '2022-07-02 22:00:00'),
(121, 121, 'Buyer 121', 'buyer121@example.com', 61, 4, '770', 'Delivered', '2023-02-17 23:00:00'),
(122, 122, 'Buyer 122', 'buyer122@example.com', 42, 5, '1900', 'Delivered', '2023-03-11 23:00:00'),
(123, 123, 'Buyer 123', 'buyer123@example.com', 12, 5, '710', 'Delivered', '2022-12-15 23:00:00'),
(124, 124, 'Buyer 124', 'buyer124@example.com', 26, 5, '2080', 'Delivered', '2023-01-31 23:00:00'),
(125, 125, 'Buyer 125', 'buyer125@example.com', 26, 2, '1750', 'Delivered', '2022-10-23 22:00:00'),
(126, 126, 'Buyer 126', 'buyer126@example.com', 18, 2, '1860', 'Delivered', '2022-01-18 23:00:00'),
(127, 127, 'Buyer 127', 'buyer127@example.com', 30, 5, '2160', 'Delivered', '2022-09-25 22:00:00'),
(128, 128, 'Buyer 128', 'buyer128@example.com', 34, 5, '1870', 'Delivered', '2022-11-18 23:00:00'),
(129, 129, 'Buyer 129', 'buyer129@example.com', 17, 4, '1880', 'Delivered', '2023-04-04 22:00:00'),
(130, 130, 'Buyer 130', 'buyer130@example.com', 53, 1, '890', 'Delivered', '2022-07-26 22:00:00'),
(131, 131, 'Buyer 131', 'buyer131@example.com', 61, 2, '2470', 'Delivered', '2022-10-01 22:00:00'),
(132, 132, 'Buyer 132', 'buyer132@example.com', 54, 1, '1980', 'Delivered', '2023-02-12 23:00:00'),
(133, 133, 'Buyer 133', 'buyer133@example.com', 14, 4, '1230', 'Delivered', '2022-09-16 22:00:00'),
(134, 134, 'Buyer 134', 'buyer134@example.com', 8, 2, '1760', 'Delivered', '2022-01-22 23:00:00'),
(135, 135, 'Buyer 135', 'buyer135@example.com', 5, 2, '1220', 'Delivered', '2023-06-10 22:00:00'),
(136, 136, 'Buyer 136', 'buyer136@example.com', 24, 2, '2370', 'Delivered', '2023-04-19 22:00:00'),
(137, 137, 'Buyer 137', 'buyer137@example.com', 25, 5, '630', 'Delivered', '2022-01-21 23:00:00'),
(138, 138, 'Buyer 138', 'buyer138@example.com', 45, 2, '1110', 'Delivered', '2023-02-22 23:00:00'),
(139, 139, 'Buyer 139', 'buyer139@example.com', 16, 2, '2370', 'Delivered', '2022-12-03 23:00:00'),
(140, 140, 'Buyer 140', 'buyer140@example.com', 39, 1, '1210', 'Delivered', '2023-01-01 23:00:00'),
(141, 141, 'Buyer 141', 'buyer141@example.com', 15, 1, '750', 'Delivered', '2022-12-17 23:00:00'),
(142, 142, 'Buyer 142', 'buyer142@example.com', 25, 3, '1220', 'Delivered', '2022-03-24 23:00:00'),
(143, 143, 'Buyer 143', 'buyer143@example.com', 21, 4, '2330', 'Delivered', '2022-05-30 22:00:00'),
(144, 144, 'Buyer 144', 'buyer144@example.com', 34, 5, '2420', 'Delivered', '2022-05-17 22:00:00'),
(145, 145, 'Buyer 145', 'buyer145@example.com', 26, 5, '760', 'Delivered', '2022-01-31 23:00:00'),
(146, 146, 'Buyer 146', 'buyer146@example.com', 50, 5, '1100', 'Delivered', '2022-01-22 23:00:00'),
(147, 147, 'Buyer 147', 'buyer147@example.com', 29, 2, '2350', 'Delivered', '2022-12-24 23:00:00'),
(148, 148, 'Buyer 148', 'buyer148@example.com', 31, 5, '620', 'Delivered', '2023-03-30 22:00:00'),
(149, 149, 'Buyer 149', 'buyer149@example.com', 45, 5, '700', 'Delivered', '2022-11-04 23:00:00'),
(150, 150, 'Buyer 150', 'buyer150@example.com', 31, 3, '1410', 'Delivered', '2023-05-26 22:00:00'),
(151, 151, 'Buyer 151', 'buyer151@example.com', 14, 3, '2310', 'Delivered', '2022-10-01 22:00:00'),
(152, 152, 'Buyer 152', 'buyer152@example.com', 24, 5, '2480', 'Delivered', '2022-01-11 23:00:00'),
(153, 153, 'Buyer 153', 'buyer153@example.com', 28, 4, '1370', 'Delivered', '2022-09-13 22:00:00'),
(154, 154, 'Buyer 154', 'buyer154@example.com', 22, 5, '1400', 'Delivered', '2023-05-09 22:00:00'),
(155, 155, 'Buyer 155', 'buyer155@example.com', 34, 5, '680', 'Delivered', '2022-11-02 23:00:00'),
(156, 156, 'Buyer 156', 'buyer156@example.com', 58, 5, '830', 'Delivered', '2022-12-09 23:00:00'),
(157, 157, 'Buyer 157', 'buyer157@example.com', 40, 5, '1970', 'Delivered', '2022-08-16 22:00:00'),
(158, 158, 'Buyer 158', 'buyer158@example.com', 14, 2, '980', 'Delivered', '2023-04-14 22:00:00'),
(159, 159, 'Buyer 159', 'buyer159@example.com', 46, 3, '2190', 'Delivered', '2022-02-17 23:00:00'),
(160, 160, 'Buyer 160', 'buyer160@example.com', 32, 3, '2260', 'Delivered', '2022-01-05 23:00:00'),
(161, 161, 'Buyer 161', 'buyer161@example.com', 17, 2, '2350', 'Delivered', '2023-06-05 22:00:00'),
(162, 162, 'Buyer 162', 'buyer162@example.com', 21, 4, '2070', 'Delivered', '2022-11-26 23:00:00'),
(163, 163, 'Buyer 163', 'buyer163@example.com', 2, 1, '800', 'Delivered', '2022-12-24 23:00:00'),
(164, 164, 'Buyer 164', 'buyer164@example.com', 49, 1, '1980', 'Delivered', '2022-12-12 23:00:00'),
(165, 165, 'Buyer 165', 'buyer165@example.com', 58, 4, '800', 'Delivered', '2022-12-02 23:00:00'),
(166, 166, 'Buyer 166', 'buyer166@example.com', 30, 1, '1580', 'Delivered', '2022-07-24 22:00:00'),
(167, 167, 'Buyer 167', 'buyer167@example.com', 6, 5, '1880', 'Delivered', '2022-03-16 23:00:00'),
(168, 168, 'Buyer 168', 'buyer168@example.com', 29, 4, '1160', 'Delivered', '2022-09-26 22:00:00'),
(169, 169, 'Buyer 169', 'buyer169@example.com', 14, 4, '570', 'Delivered', '2022-08-22 22:00:00'),
(170, 170, 'Buyer 170', 'buyer170@example.com', 52, 2, '1630', 'Delivered', '2023-06-11 22:00:00'),
(171, 171, 'Buyer 171', 'buyer171@example.com', 15, 3, '540', 'Delivered', '2022-04-07 22:00:00'),
(172, 172, 'Buyer 172', 'buyer172@example.com', 31, 5, '750', 'Delivered', '2022-09-29 22:00:00'),
(173, 173, 'Buyer 173', 'buyer173@example.com', 3, 3, '930', 'Delivered', '2023-04-13 22:00:00'),
(174, 174, 'Buyer 174', 'buyer174@example.com', 58, 3, '2080', 'Delivered', '2023-01-16 23:00:00'),
(175, 175, 'Buyer 175', 'buyer175@example.com', 43, 2, '530', 'Delivered', '2022-08-08 22:00:00'),
(176, 176, 'Buyer 176', 'buyer176@example.com', 5, 1, '680', 'Delivered', '2022-08-12 22:00:00'),
(177, 177, 'Buyer 177', 'buyer177@example.com', 12, 5, '1170', 'Delivered', '2022-06-02 22:00:00'),
(178, 178, 'Buyer 178', 'buyer178@example.com', 58, 2, '2350', 'Delivered', '2023-02-25 23:00:00'),
(179, 179, 'Buyer 179', 'buyer179@example.com', 8, 5, '2190', 'Delivered', '2022-11-04 23:00:00'),
(180, 180, 'Buyer 180', 'buyer180@example.com', 3, 1, '2430', 'Delivered', '2023-01-14 23:00:00'),
(181, 181, 'Buyer 181', 'buyer181@example.com', 10, 2, '2430', 'Delivered', '2023-03-06 23:00:00'),
(182, 182, 'Buyer 182', 'buyer182@example.com', 8, 3, '930', 'Delivered', '2021-12-31 23:00:00'),
(183, 183, 'Buyer 183', 'buyer183@example.com', 16, 3, '1820', 'Delivered', '2022-11-04 23:00:00'),
(184, 184, 'Buyer 184', 'buyer184@example.com', 26, 3, '2240', 'Delivered', '2023-04-13 22:00:00'),
(185, 185, 'Buyer 185', 'buyer185@example.com', 52, 5, '690', 'Delivered', '2022-02-17 23:00:00'),
(186, 186, 'Buyer 186', 'buyer186@example.com', 22, 3, '1480', 'Delivered', '2023-01-21 23:00:00'),
(187, 187, 'Buyer 187', 'buyer187@example.com', 24, 5, '1630', 'Delivered', '2023-05-31 22:00:00'),
(188, 188, 'Buyer 188', 'buyer188@example.com', 28, 1, '1150', 'Delivered', '2022-01-15 23:00:00'),
(189, 189, 'Buyer 189', 'buyer189@example.com', 18, 3, '790', 'Delivered', '2022-05-13 22:00:00'),
(190, 190, 'Buyer 190', 'buyer190@example.com', 23, 5, '1290', 'Delivered', '2023-05-24 22:00:00'),
(191, 191, 'Buyer 191', 'buyer191@example.com', 22, 4, '2100', 'Delivered', '2022-06-10 22:00:00'),
(192, 192, 'Buyer 192', 'buyer192@example.com', 13, 4, '1250', 'Delivered', '2023-01-16 23:00:00'),
(193, 193, 'Buyer 193', 'buyer193@example.com', 33, 5, '1370', 'Delivered', '2022-10-09 22:00:00'),
(194, 194, 'Buyer 194', 'buyer194@example.com', 38, 3, '1720', 'Delivered', '2022-04-07 22:00:00'),
(195, 195, 'Buyer 195', 'buyer195@example.com', 12, 1, '1910', 'Delivered', '2022-11-15 23:00:00'),
(196, 196, 'Buyer 196', 'buyer196@example.com', 56, 2, '2330', 'Delivered', '2022-08-04 22:00:00'),
(197, 197, 'Buyer 197', 'buyer197@example.com', 18, 3, '710', 'Delivered', '2022-11-19 23:00:00'),
(198, 198, 'Buyer 198', 'buyer198@example.com', 29, 5, '1750', 'Delivered', '2023-02-04 23:00:00'),
(199, 199, 'Buyer 199', 'buyer199@example.com', 54, 5, '2430', 'Delivered', '2022-03-21 23:00:00'),
(200, 200, 'Buyer 200', 'buyer200@example.com', 30, 1, '1380', 'Delivered', '2022-02-09 23:00:00'),
(201, 201, 'Buyer 201', 'buyer201@example.com', 8, 3, '680', 'Delivered', '2023-01-01 23:00:00'),
(202, 202, 'Buyer 202', 'buyer202@example.com', 50, 5, '1390', 'Delivered', '2022-01-09 23:00:00'),
(203, 203, 'Buyer 203', 'buyer203@example.com', 16, 2, '1940', 'Delivered', '2022-06-18 22:00:00'),
(204, 204, 'Buyer 204', 'buyer204@example.com', 30, 1, '1390', 'Delivered', '2023-01-21 23:00:00'),
(205, 205, 'Buyer 205', 'buyer205@example.com', 20, 2, '1930', 'Delivered', '2023-01-23 23:00:00'),
(206, 206, 'Buyer 206', 'buyer206@example.com', 56, 4, '1960', 'Delivered', '2022-11-21 23:00:00'),
(207, 207, 'Buyer 207', 'buyer207@example.com', 46, 5, '1820', 'Delivered', '2022-11-09 23:00:00'),
(208, 208, 'Buyer 208', 'buyer208@example.com', 52, 1, '2380', 'Delivered', '2022-07-13 22:00:00'),
(209, 209, 'Buyer 209', 'buyer209@example.com', 23, 3, '1470', 'Delivered', '2022-08-21 22:00:00'),
(210, 210, 'Buyer 210', 'buyer210@example.com', 58, 1, '1530', 'Delivered', '2023-04-13 22:00:00'),
(211, 211, 'Buyer 211', 'buyer211@example.com', 24, 4, '1450', 'Delivered', '2022-07-24 22:00:00'),
(212, 212, 'Buyer 212', 'buyer212@example.com', 43, 4, '2020', 'Delivered', '2022-04-29 22:00:00'),
(213, 213, 'Buyer 213', 'buyer213@example.com', 18, 5, '1540', 'Delivered', '2022-09-30 22:00:00'),
(214, 214, 'Buyer 214', 'buyer214@example.com', 26, 1, '640', 'Delivered', '2023-06-14 22:00:00'),
(215, 215, 'Buyer 215', 'buyer215@example.com', 43, 5, '1550', 'Delivered', '2022-04-07 22:00:00'),
(216, 216, 'Buyer 216', 'buyer216@example.com', 48, 2, '750', 'Delivered', '2023-04-09 22:00:00'),
(217, 217, 'Buyer 217', 'buyer217@example.com', 26, 4, '1760', 'Delivered', '2023-02-08 23:00:00'),
(218, 218, 'Buyer 218', 'buyer218@example.com', 22, 1, '2300', 'Delivered', '2023-03-28 22:00:00'),
(219, 219, 'Buyer 219', 'buyer219@example.com', 61, 1, '1810', 'Delivered', '2023-05-14 22:00:00'),
(220, 220, 'Buyer 220', 'buyer220@example.com', 38, 2, '1890', 'Delivered', '2023-05-02 22:00:00'),
(221, 221, 'Buyer 221', 'buyer221@example.com', 47, 1, '770', 'Delivered', '2022-10-30 23:00:00'),
(222, 222, 'Buyer 222', 'buyer222@example.com', 51, 4, '1420', 'Delivered', '2022-08-27 22:00:00'),
(223, 223, 'Buyer 223', 'buyer223@example.com', 23, 5, '1920', 'Delivered', '2023-05-20 22:00:00'),
(224, 224, 'Buyer 224', 'buyer224@example.com', 20, 3, '1490', 'Delivered', '2023-01-02 23:00:00'),
(225, 225, 'Buyer 225', 'buyer225@example.com', 39, 1, '1400', 'Delivered', '2022-01-12 23:00:00'),
(226, 226, 'Buyer 226', 'buyer226@example.com', 61, 4, '2090', 'Delivered', '2022-02-07 23:00:00'),
(227, 227, 'Buyer 227', 'buyer227@example.com', 16, 1, '1150', 'Delivered', '2023-01-21 23:00:00'),
(228, 228, 'Buyer 228', 'buyer228@example.com', 6, 3, '1500', 'Delivered', '2022-11-21 23:00:00'),
(229, 229, 'Buyer 229', 'buyer229@example.com', 52, 4, '1540', 'Delivered', '2023-04-07 22:00:00'),
(230, 230, 'Buyer 230', 'buyer230@example.com', 20, 1, '580', 'Delivered', '2023-02-15 23:00:00'),
(231, 231, 'Buyer 231', 'buyer231@example.com', 10, 4, '770', 'Delivered', '2022-12-13 23:00:00'),
(232, 232, 'Buyer 232', 'buyer232@example.com', 28, 3, '910', 'Delivered', '2022-10-31 23:00:00'),
(233, 233, 'Buyer 233', 'buyer233@example.com', 55, 5, '950', 'Delivered', '2022-09-24 22:00:00'),
(234, 234, 'Buyer 234', 'buyer234@example.com', 15, 3, '1060', 'Delivered', '2022-04-06 22:00:00'),
(235, 235, 'Buyer 235', 'buyer235@example.com', 18, 3, '1800', 'Delivered', '2022-11-27 23:00:00'),
(236, 236, 'Buyer 236', 'buyer236@example.com', 56, 2, '1160', 'Delivered', '2023-02-14 23:00:00'),
(237, 237, 'Buyer 237', 'buyer237@example.com', 13, 5, '1870', 'Delivered', '2022-01-20 23:00:00'),
(238, 238, 'Buyer 238', 'buyer238@example.com', 22, 1, '810', 'Delivered', '2023-04-13 22:00:00'),
(239, 239, 'Buyer 239', 'buyer239@example.com', 60, 5, '690', 'Delivered', '2023-01-01 23:00:00'),
(240, 240, 'Buyer 240', 'buyer240@example.com', 8, 2, '720', 'Delivered', '2022-02-11 23:00:00'),
(241, 241, 'Buyer 241', 'buyer241@example.com', 12, 4, '1030', 'Delivered', '2023-01-08 23:00:00'),
(242, 242, 'Buyer 242', 'buyer242@example.com', 31, 2, '520', 'Delivered', '2022-01-30 23:00:00'),
(243, 243, 'Buyer 243', 'buyer243@example.com', 47, 2, '960', 'Delivered', '2022-03-24 23:00:00'),
(244, 244, 'Buyer 244', 'buyer244@example.com', 40, 3, '910', 'Delivered', '2022-05-23 22:00:00'),
(245, 245, 'Buyer 245', 'buyer245@example.com', 6, 1, '1890', 'Delivered', '2023-01-28 23:00:00'),
(246, 246, 'Buyer 246', 'buyer246@example.com', 31, 4, '810', 'Delivered', '2023-05-02 22:00:00'),
(247, 247, 'Buyer 247', 'buyer247@example.com', 31, 4, '2430', 'Delivered', '2022-11-10 23:00:00'),
(248, 248, 'Buyer 248', 'buyer248@example.com', 56, 2, '1410', 'Delivered', '2023-02-08 23:00:00'),
(249, 249, 'Buyer 249', 'buyer249@example.com', 35, 1, '1680', 'Delivered', '2022-11-08 23:00:00'),
(250, 250, 'Buyer 250', 'buyer250@example.com', 10, 2, '1480', 'Delivered', '2023-02-20 23:00:00'),
(251, 251, 'Buyer 251', 'buyer251@example.com', 5, 2, '1670', 'Delivered', '2022-06-12 22:00:00'),
(252, 252, 'Buyer 252', 'buyer252@example.com', 40, 3, '2260', 'Delivered', '2023-04-12 22:00:00'),
(253, 253, 'Buyer 253', 'buyer253@example.com', 3, 5, '1360', 'Delivered', '2023-01-25 23:00:00'),
(254, 254, 'Buyer 254', 'buyer254@example.com', 4, 5, '2300', 'Delivered', '2022-09-05 22:00:00'),
(255, 255, 'Buyer 255', 'buyer255@example.com', 46, 3, '2310', 'Delivered', '2022-02-15 23:00:00'),
(256, 256, 'Buyer 256', 'buyer256@example.com', 37, 1, '890', 'Delivered', '2022-05-20 22:00:00'),
(257, 257, 'Buyer 257', 'buyer257@example.com', 26, 5, '2260', 'Delivered', '2022-08-01 22:00:00'),
(258, 258, 'Buyer 258', 'buyer258@example.com', 10, 5, '2260', 'Delivered', '2023-05-25 22:00:00'),
(259, 259, 'Buyer 259', 'buyer259@example.com', 26, 3, '1890', 'Delivered', '2023-03-06 23:00:00'),
(260, 260, 'Buyer 260', 'buyer260@example.com', 40, 5, '2430', 'Delivered', '2023-02-01 23:00:00'),
(261, 261, 'Buyer 261', 'buyer261@example.com', 36, 1, '960', 'Delivered', '2023-04-21 22:00:00'),
(262, 262, 'Buyer 262', 'buyer262@example.com', 16, 3, '1490', 'Delivered', '2022-11-08 23:00:00'),
(263, 263, 'Buyer 263', 'buyer263@example.com', 17, 5, '1130', 'Delivered', '2022-03-19 23:00:00'),
(264, 264, 'Buyer 264', 'buyer264@example.com', 48, 3, '2190', 'Delivered', '2022-03-18 23:00:00'),
(265, 265, 'Buyer 265', 'buyer265@example.com', 7, 4, '890', 'Delivered', '2023-05-07 22:00:00'),
(266, 266, 'Buyer 266', 'buyer266@example.com', 54, 4, '2420', 'Delivered', '2023-04-20 22:00:00'),
(267, 267, 'Buyer 267', 'buyer267@example.com', 21, 4, '1720', 'Delivered', '2022-12-07 23:00:00'),
(268, 268, 'Buyer 268', 'buyer268@example.com', 43, 4, '1430', 'Delivered', '2023-04-26 22:00:00'),
(269, 269, 'Buyer 269', 'buyer269@example.com', 47, 1, '720', 'Delivered', '2022-05-03 22:00:00'),
(270, 270, 'Buyer 270', 'buyer270@example.com', 25, 5, '1020', 'Delivered', '2022-07-02 22:00:00'),
(271, 271, 'Buyer 271', 'buyer271@example.com', 34, 4, '2160', 'Delivered', '2022-12-19 23:00:00'),
(272, 272, 'Buyer 272', 'buyer272@example.com', 61, 4, '1180', 'Delivered', '2022-02-21 23:00:00'),
(273, 273, 'Buyer 273', 'buyer273@example.com', 37, 4, '650', 'Delivered', '2023-01-19 23:00:00'),
(274, 274, 'Buyer 274', 'buyer274@example.com', 12, 4, '2000', 'Delivered', '2022-02-12 23:00:00'),
(275, 275, 'Buyer 275', 'buyer275@example.com', 43, 1, '1280', 'Delivered', '2023-02-24 23:00:00'),
(276, 276, 'Buyer 276', 'buyer276@example.com', 13, 5, '760', 'Delivered', '2022-12-24 23:00:00'),
(277, 277, 'Buyer 277', 'buyer277@example.com', 47, 2, '1030', 'Delivered', '2023-03-17 23:00:00'),
(278, 278, 'Buyer 278', 'buyer278@example.com', 15, 5, '2250', 'Delivered', '2022-08-03 22:00:00'),
(279, 279, 'Buyer 279', 'buyer279@example.com', 38, 1, '1880', 'Delivered', '2022-12-10 23:00:00'),
(280, 280, 'Buyer 280', 'buyer280@example.com', 43, 5, '2060', 'Delivered', '2022-03-22 23:00:00'),
(281, 281, 'Buyer 281', 'buyer281@example.com', 42, 2, '2180', 'Delivered', '2022-01-02 23:00:00'),
(282, 282, 'Buyer 282', 'buyer282@example.com', 53, 1, '2280', 'Delivered', '2022-02-10 23:00:00'),
(283, 283, 'Buyer 283', 'buyer283@example.com', 12, 2, '1310', 'Delivered', '2022-04-01 22:00:00'),
(284, 284, 'Buyer 284', 'buyer284@example.com', 7, 5, '650', 'Delivered', '2023-04-03 22:00:00'),
(285, 285, 'Buyer 285', 'buyer285@example.com', 43, 1, '1360', 'Delivered', '2023-02-22 23:00:00'),
(286, 286, 'Buyer 286', 'buyer286@example.com', 3, 3, '1780', 'Delivered', '2023-04-06 22:00:00'),
(287, 287, 'Buyer 287', 'buyer287@example.com', 61, 1, '2370', 'Delivered', '2022-11-06 23:00:00'),
(288, 288, 'Buyer 288', 'buyer288@example.com', 56, 1, '2210', 'Delivered', '2022-03-17 23:00:00'),
(289, 289, 'Buyer 289', 'buyer289@example.com', 10, 5, '2310', 'Delivered', '2023-05-16 22:00:00'),
(290, 290, 'Buyer 290', 'buyer290@example.com', 59, 1, '840', 'Delivered', '2023-05-13 22:00:00'),
(291, 291, 'Buyer 291', 'buyer291@example.com', 36, 2, '990', 'Delivered', '2023-03-10 23:00:00'),
(292, 292, 'Buyer 292', 'buyer292@example.com', 35, 4, '1280', 'Delivered', '2022-01-31 23:00:00'),
(293, 293, 'Buyer 293', 'buyer293@example.com', 29, 5, '840', 'Delivered', '2022-03-09 23:00:00'),
(294, 294, 'Buyer 294', 'buyer294@example.com', 10, 2, '620', 'Delivered', '2022-03-10 23:00:00'),
(295, 295, 'Buyer 295', 'buyer295@example.com', 61, 4, '930', 'Delivered', '2022-08-20 22:00:00'),
(296, 296, 'Buyer 296', 'buyer296@example.com', 14, 3, '710', 'Delivered', '2022-04-01 22:00:00'),
(297, 297, 'Buyer 297', 'buyer297@example.com', 11, 1, '790', 'Delivered', '2023-04-23 22:00:00'),
(298, 298, 'Buyer 298', 'buyer298@example.com', 20, 3, '1330', 'Delivered', '2022-07-04 22:00:00'),
(299, 299, 'Buyer 299', 'buyer299@example.com', 15, 1, '1560', 'Delivered', '2023-01-05 23:00:00'),
(300, 300, 'Buyer 300', 'buyer300@example.com', 7, 5, '640', 'Delivered', '2022-10-14 22:00:00'),
(301, 301, 'admin', 'admin@gmail.com', 3, 1, '2000', 'pending', '2023-06-21 21:48:47'),
(302, 301, 'admin', 'admin@gmail.com', 4, 1, '1500', 'pending', '2023-06-21 21:48:47'),
(303, 301, 'admin', 'admin@gmail.com', 4, 1, '1500', 'pending', '2023-06-21 21:48:47'),
(304, 301, 'admin', 'admin@gmail.com', 4, 1, '1500', 'pending', '2023-06-21 21:48:47'),
(305, 301, 'admin', 'admin@gmail.com', 4, 1, '1500', 'pending', '2023-06-21 21:48:47'),
(306, 301, 'admin', 'admin@gmail.com', 4, 1, '1500', 'pending', '2023-06-21 21:48:47'),
(307, 301, 'admin', 'admin@gmail.com', 4, 1, '1500', 'pending', '2023-06-21 21:48:47'),
(308, 302, 'admin', 'admin@gmail.com', 3, 1, '2000', 'pending', '2023-06-21 22:09:15'),
(309, 302, 'admin', 'admin@gmail.com', 4, 5, '7500', 'pending', '2023-06-21 22:09:15'),
(310, 303, 'admin', 'admin@gmail.com', 3, 1, '2000', 'completed', '2023-06-21 22:12:59'),
(311, 304, 'admin', 'admin@gmail.com', 3, 3, '6000', 'pending', '2023-06-22 07:22:46'),
(312, 305, 'customer@email.com', 'customer@email.com', 3, 4, '8000', 'pending', '2023-06-22 07:46:49'),
(313, 305, 'customer@email.com', 'customer@email.com', 4, 1, '1500', 'pending', '2023-06-22 07:46:49'),
(314, 306, 'customer@email.com', 'customer@email.com', 4, 3, '4500', 'pending', '2023-06-22 08:06:55'),
(315, 307, 'customer@email.com', 'customer@email.com', 3, 1, '2000', 'pending', '2023-06-22 08:08:17'),
(316, 307, 'customer@email.com', 'customer@email.com', 2, 1, '500', 'pending', '2023-06-22 08:08:17'),
(317, 308, 'customer@email.com', 'customer@email.com', 6, 1, '600', 'pending', '2023-06-22 08:10:00'),
(318, 309, 'customer@email.com', 'customer@email.com', 11, 1, '900', 'completed', '2023-06-22 08:10:35'),
(319, 309, 'customer@email.com', 'customer@email.com', 4, 1, '1500', 'completed', '2023-06-22 08:10:35'),
(320, 1, 'Buyer 1', 'buyer1@example.com', 65, 4, '1060', 'Pending', '2023-02-07 23:00:00'),
(321, 2, 'Buyer 2', 'buyer2@example.com', 70, 5, '860', 'Pending', '2022-06-20 22:00:00'),
(322, 3, 'Buyer 3', 'buyer3@example.com', 66, 4, '1150', 'Pending', '2022-04-17 22:00:00'),
(323, 4, 'Buyer 4', 'buyer4@example.com', 61, 5, '1200', 'Pending', '2022-08-01 22:00:00'),
(324, 5, 'Buyer 5', 'buyer5@example.com', 67, 2, '760', 'Pending', '2022-03-04 23:00:00'),
(325, 6, 'Buyer 6', 'buyer6@example.com', 68, 2, '2410', 'Pending', '2022-11-19 23:00:00'),
(326, 7, 'Buyer 7', 'buyer7@example.com', 65, 1, '2410', 'Pending', '2022-12-13 23:00:00'),
(327, 8, 'Buyer 8', 'buyer8@example.com', 68, 1, '1700', 'Pending', '2023-01-09 23:00:00'),
(328, 9, 'Buyer 9', 'buyer9@example.com', 68, 1, '1190', 'Pending', '2022-12-29 23:00:00'),
(329, 10, 'Buyer 10', 'buyer10@example.com', 61, 2, '660', 'Pending', '2022-11-20 23:00:00'),
(330, 11, 'Buyer 11', 'buyer11@example.com', 66, 1, '1560', 'Pending', '2023-02-01 23:00:00'),
(331, 12, 'Buyer 12', 'buyer12@example.com', 69, 2, '1970', 'Pending', '2022-02-01 23:00:00'),
(332, 13, 'Buyer 13', 'buyer13@example.com', 68, 2, '2010', 'Pending', '2022-10-26 22:00:00'),
(333, 14, 'Buyer 14', 'buyer14@example.com', 72, 2, '1280', 'Pending', '2023-03-25 23:00:00'),
(334, 15, 'Buyer 15', 'buyer15@example.com', 71, 4, '2150', 'Pending', '2022-04-20 22:00:00'),
(335, 16, 'Buyer 16', 'buyer16@example.com', 72, 3, '1300', 'Pending', '2022-02-13 23:00:00'),
(336, 17, 'Buyer 17', 'buyer17@example.com', 63, 5, '2070', 'Pending', '2022-12-25 23:00:00'),
(337, 18, 'Buyer 18', 'buyer18@example.com', 65, 5, '1150', 'Pending', '2022-07-06 22:00:00'),
(338, 19, 'Buyer 19', 'buyer19@example.com', 69, 4, '1920', 'Pending', '2023-05-15 22:00:00'),
(339, 20, 'Buyer 20', 'buyer20@example.com', 61, 3, '1320', 'Pending', '2022-05-05 22:00:00'),
(340, 21, 'Buyer 21', 'buyer21@example.com', 66, 4, '820', 'Shipped', '2022-10-15 22:00:00'),
(341, 22, 'Buyer 22', 'buyer22@example.com', 71, 3, '1880', 'Shipped', '2022-12-27 23:00:00'),
(342, 23, 'Buyer 23', 'buyer23@example.com', 72, 5, '2040', 'Shipped', '2022-01-07 23:00:00'),
(343, 24, 'Buyer 24', 'buyer24@example.com', 69, 3, '1480', 'Shipped', '2022-01-03 23:00:00'),
(344, 25, 'Buyer 25', 'buyer25@example.com', 61, 2, '1770', 'Shipped', '2023-04-22 22:00:00'),
(345, 26, 'Buyer 26', 'buyer26@example.com', 61, 4, '1130', 'Shipped', '2022-04-12 22:00:00'),
(346, 27, 'Buyer 27', 'buyer27@example.com', 67, 2, '2320', 'Shipped', '2022-09-25 22:00:00'),
(347, 28, 'Buyer 28', 'buyer28@example.com', 63, 2, '1650', 'Shipped', '2022-11-07 23:00:00'),
(348, 29, 'Buyer 29', 'buyer29@example.com', 63, 2, '520', 'Shipped', '2022-04-05 22:00:00'),
(349, 30, 'Buyer 30', 'buyer30@example.com', 69, 1, '1720', 'Shipped', '2022-03-21 23:00:00'),
(350, 31, 'Buyer 31', 'buyer31@example.com', 62, 5, '1880', 'Shipped', '2022-11-09 23:00:00'),
(351, 32, 'Buyer 32', 'buyer32@example.com', 61, 2, '1030', 'Shipped', '2022-01-15 23:00:00'),
(352, 33, 'Buyer 33', 'buyer33@example.com', 65, 3, '760', 'Shipped', '2022-08-15 22:00:00'),
(353, 34, 'Buyer 34', 'buyer34@example.com', 66, 1, '1530', 'Shipped', '2022-07-17 22:00:00'),
(354, 35, 'Buyer 35', 'buyer35@example.com', 69, 3, '2470', 'Shipped', '2022-01-29 23:00:00'),
(355, 36, 'Buyer 36', 'buyer36@example.com', 64, 2, '840', 'Shipped', '2022-12-08 23:00:00'),
(356, 37, 'Buyer 37', 'buyer37@example.com', 71, 3, '2100', 'Shipped', '2022-12-31 23:00:00'),
(357, 38, 'Buyer 38', 'buyer38@example.com', 61, 4, '1170', 'Shipped', '2022-09-16 22:00:00'),
(358, 39, 'Buyer 39', 'buyer39@example.com', 63, 1, '1560', 'Shipped', '2022-12-07 23:00:00'),
(359, 40, 'Buyer 40', 'buyer40@example.com', 65, 2, '580', 'Shipped', '2022-11-16 23:00:00'),
(360, 41, 'Buyer 41', 'buyer41@example.com', 61, 1, '840', 'Delivered', '2022-08-22 22:00:00'),
(361, 42, 'Buyer 42', 'buyer42@example.com', 67, 4, '710', 'Delivered', '2022-11-17 23:00:00'),
(362, 43, 'Buyer 43', 'buyer43@example.com', 67, 3, '1990', 'Delivered', '2022-07-14 22:00:00'),
(363, 44, 'Buyer 44', 'buyer44@example.com', 68, 5, '2100', 'Delivered', '2022-07-16 22:00:00'),
(364, 45, 'Buyer 45', 'buyer45@example.com', 70, 2, '1060', 'Delivered', '2022-05-10 22:00:00'),
(365, 46, 'Buyer 46', 'buyer46@example.com', 61, 1, '580', 'Delivered', '2022-07-19 22:00:00'),
(366, 47, 'Buyer 47', 'buyer47@example.com', 67, 1, '1060', 'Delivered', '2022-03-08 23:00:00'),
(367, 48, 'Buyer 48', 'buyer48@example.com', 70, 2, '680', 'Delivered', '2023-05-12 22:00:00'),
(368, 49, 'Buyer 49', 'buyer49@example.com', 64, 5, '2360', 'Delivered', '2022-09-30 22:00:00'),
(369, 50, 'Buyer 50', 'buyer50@example.com', 61, 5, '940', 'Delivered', '2023-02-12 23:00:00'),
(370, 51, 'Buyer 51', 'buyer51@example.com', 71, 5, '740', 'Delivered', '2022-09-29 22:00:00'),
(371, 52, 'Buyer 52', 'buyer52@example.com', 63, 5, '2080', 'Delivered', '2023-01-14 23:00:00'),
(372, 53, 'Buyer 53', 'buyer53@example.com', 63, 5, '1290', 'Delivered', '2022-06-14 22:00:00'),
(373, 54, 'Buyer 54', 'buyer54@example.com', 71, 2, '690', 'Delivered', '2022-01-07 23:00:00'),
(374, 55, 'Buyer 55', 'buyer55@example.com', 72, 2, '1770', 'Delivered', '2022-08-22 22:00:00'),
(375, 56, 'Buyer 56', 'buyer56@example.com', 70, 1, '1860', 'Delivered', '2022-07-02 22:00:00'),
(376, 57, 'Buyer 57', 'buyer57@example.com', 69, 2, '2080', 'Delivered', '2022-07-03 22:00:00'),
(377, 58, 'Buyer 58', 'buyer58@example.com', 72, 1, '1450', 'Delivered', '2023-04-02 22:00:00'),
(378, 59, 'Buyer 59', 'buyer59@example.com', 69, 4, '2320', 'Delivered', '2022-04-29 22:00:00'),
(379, 60, 'Buyer 60', 'buyer60@example.com', 62, 1, '640', 'Delivered', '2022-04-01 22:00:00'),
(380, 61, 'Buyer 61', 'buyer61@example.com', 64, 5, '770', 'Delivered', '2022-02-18 23:00:00'),
(381, 62, 'Buyer 62', 'buyer62@example.com', 64, 2, '1720', 'Delivered', '2023-01-29 23:00:00'),
(382, 63, 'Buyer 63', 'buyer63@example.com', 71, 1, '1770', 'Delivered', '2022-03-20 23:00:00'),
(383, 64, 'Buyer 64', 'buyer64@example.com', 72, 5, '1120', 'Delivered', '2023-05-31 22:00:00'),
(384, 65, 'Buyer 65', 'buyer65@example.com', 65, 4, '880', 'Delivered', '2022-02-01 23:00:00'),
(385, 66, 'Buyer 66', 'buyer66@example.com', 65, 4, '2340', 'Delivered', '2023-06-08 22:00:00'),
(386, 67, 'Buyer 67', 'buyer67@example.com', 65, 2, '2310', 'Delivered', '2022-05-02 22:00:00'),
(387, 68, 'Buyer 68', 'buyer68@example.com', 70, 2, '2230', 'Delivered', '2023-04-24 22:00:00'),
(388, 69, 'Buyer 69', 'buyer69@example.com', 65, 5, '1800', 'Delivered', '2022-11-08 23:00:00'),
(389, 70, 'Buyer 70', 'buyer70@example.com', 64, 1, '2330', 'Delivered', '2022-08-27 22:00:00'),
(390, 71, 'Buyer 71', 'buyer71@example.com', 69, 2, '2040', 'Delivered', '2022-02-22 23:00:00'),
(391, 72, 'Buyer 72', 'buyer72@example.com', 72, 5, '1980', 'Delivered', '2022-12-16 23:00:00'),
(392, 73, 'Buyer 73', 'buyer73@example.com', 64, 4, '1230', 'Delivered', '2023-04-23 22:00:00'),
(393, 74, 'Buyer 74', 'buyer74@example.com', 67, 1, '1820', 'Delivered', '2023-05-12 22:00:00'),
(394, 75, 'Buyer 75', 'buyer75@example.com', 66, 5, '700', 'Delivered', '2022-02-13 23:00:00'),
(395, 76, 'Buyer 76', 'buyer76@example.com', 62, 5, '2420', 'Delivered', '2023-04-13 22:00:00'),
(396, 77, 'Buyer 77', 'buyer77@example.com', 66, 3, '1880', 'Delivered', '2022-05-22 22:00:00'),
(397, 78, 'Buyer 78', 'buyer78@example.com', 62, 1, '2150', 'Delivered', '2022-05-11 22:00:00'),
(398, 79, 'Buyer 79', 'buyer79@example.com', 63, 2, '670', 'Delivered', '2023-05-16 22:00:00'),
(399, 80, 'Buyer 80', 'buyer80@example.com', 67, 4, '2320', 'Delivered', '2022-07-14 22:00:00'),
(400, 81, 'Buyer 81', 'buyer81@example.com', 64, 1, '570', 'Delivered', '2022-08-02 22:00:00'),
(401, 82, 'Buyer 82', 'buyer82@example.com', 63, 1, '2140', 'Delivered', '2022-12-20 23:00:00'),
(402, 83, 'Buyer 83', 'buyer83@example.com', 68, 5, '910', 'Delivered', '2023-03-15 23:00:00'),
(403, 84, 'Buyer 84', 'buyer84@example.com', 72, 2, '2340', 'Delivered', '2022-10-05 22:00:00'),
(404, 85, 'Buyer 85', 'buyer85@example.com', 68, 3, '780', 'Delivered', '2022-09-08 22:00:00'),
(405, 86, 'Buyer 86', 'buyer86@example.com', 64, 4, '1310', 'Delivered', '2023-05-18 22:00:00'),
(406, 87, 'Buyer 87', 'buyer87@example.com', 61, 5, '2120', 'Delivered', '2022-01-25 23:00:00'),
(407, 88, 'Buyer 88', 'buyer88@example.com', 63, 4, '1900', 'Delivered', '2022-03-09 23:00:00'),
(408, 89, 'Buyer 89', 'buyer89@example.com', 66, 4, '1290', 'Delivered', '2022-09-30 22:00:00'),
(409, 90, 'Buyer 90', 'buyer90@example.com', 65, 5, '2450', 'Delivered', '2023-01-16 23:00:00'),
(410, 91, 'Buyer 91', 'buyer91@example.com', 61, 5, '930', 'Delivered', '2022-07-24 22:00:00'),
(411, 92, 'Buyer 92', 'buyer92@example.com', 62, 1, '530', 'Delivered', '2022-10-26 22:00:00'),
(412, 93, 'Buyer 93', 'buyer93@example.com', 72, 2, '1720', 'Delivered', '2023-02-28 23:00:00'),
(413, 94, 'Buyer 94', 'buyer94@example.com', 63, 2, '770', 'Delivered', '2022-04-19 22:00:00'),
(414, 95, 'Buyer 95', 'buyer95@example.com', 71, 3, '1520', 'Delivered', '2022-12-16 23:00:00'),
(415, 96, 'Buyer 96', 'buyer96@example.com', 71, 3, '1540', 'Delivered', '2022-05-28 22:00:00'),
(416, 97, 'Buyer 97', 'buyer97@example.com', 64, 2, '1800', 'Delivered', '2022-07-15 22:00:00'),
(417, 98, 'Buyer 98', 'buyer98@example.com', 71, 2, '560', 'Delivered', '2022-07-16 22:00:00'),
(418, 99, 'Buyer 99', 'buyer99@example.com', 68, 4, '1720', 'Delivered', '2022-03-18 23:00:00'),
(419, 100, 'Buyer 100', 'buyer100@example.com', 72, 1, '970', 'Delivered', '2023-05-28 22:00:00'),
(420, 101, 'Buyer 101', 'buyer101@example.com', 68, 5, '1210', 'Delivered', '2022-02-02 23:00:00'),
(421, 102, 'Buyer 102', 'buyer102@example.com', 65, 5, '2140', 'Delivered', '2022-06-02 22:00:00'),
(422, 103, 'Buyer 103', 'buyer103@example.com', 64, 5, '630', 'Delivered', '2022-03-21 23:00:00'),
(423, 104, 'Buyer 104', 'buyer104@example.com', 69, 2, '1650', 'Delivered', '2022-07-20 22:00:00'),
(424, 105, 'Buyer 105', 'buyer105@example.com', 70, 1, '730', 'Delivered', '2023-04-22 22:00:00'),
(425, 106, 'Buyer 106', 'buyer106@example.com', 66, 1, '1020', 'Delivered', '2022-07-09 22:00:00'),
(426, 107, 'Buyer 107', 'buyer107@example.com', 62, 3, '1280', 'Delivered', '2023-06-04 22:00:00'),
(427, 108, 'Buyer 108', 'buyer108@example.com', 68, 1, '1430', 'Delivered', '2022-07-11 22:00:00'),
(428, 109, 'Buyer 109', 'buyer109@example.com', 63, 4, '2120', 'Delivered', '2022-03-06 23:00:00'),
(429, 110, 'Buyer 110', 'buyer110@example.com', 66, 3, '620', 'Delivered', '2023-06-07 22:00:00'),
(430, 111, 'Buyer 111', 'buyer111@example.com', 69, 2, '1520', 'Delivered', '2023-02-21 23:00:00'),
(431, 112, 'Buyer 112', 'buyer112@example.com', 61, 4, '1370', 'Delivered', '2022-10-02 22:00:00'),
(432, 113, 'Buyer 113', 'buyer113@example.com', 70, 1, '1620', 'Delivered', '2022-01-13 23:00:00'),
(433, 114, 'Buyer 114', 'buyer114@example.com', 64, 1, '1880', 'Delivered', '2023-02-27 23:00:00'),
(434, 115, 'Buyer 115', 'buyer115@example.com', 66, 5, '2030', 'Delivered', '2022-02-21 23:00:00'),
(435, 116, 'Buyer 116', 'buyer116@example.com', 70, 4, '1320', 'Delivered', '2022-08-12 22:00:00'),
(436, 117, 'Buyer 117', 'buyer117@example.com', 67, 3, '900', 'Delivered', '2023-02-09 23:00:00'),
(437, 118, 'Buyer 118', 'buyer118@example.com', 68, 3, '2100', 'Delivered', '2022-05-15 22:00:00'),
(438, 119, 'Buyer 119', 'buyer119@example.com', 63, 2, '1150', 'Delivered', '2022-06-23 22:00:00'),
(439, 120, 'Buyer 120', 'buyer120@example.com', 62, 3, '2220', 'Delivered', '2022-01-08 23:00:00'),
(440, 121, 'Buyer 121', 'buyer121@example.com', 67, 3, '2230', 'Delivered', '2022-01-09 23:00:00'),
(441, 122, 'Buyer 122', 'buyer122@example.com', 71, 5, '1350', 'Delivered', '2023-04-24 22:00:00'),
(442, 123, 'Buyer 123', 'buyer123@example.com', 72, 5, '1330', 'Delivered', '2022-12-11 23:00:00'),
(443, 124, 'Buyer 124', 'buyer124@example.com', 64, 1, '980', 'Delivered', '2022-09-30 22:00:00'),
(444, 125, 'Buyer 125', 'buyer125@example.com', 70, 3, '1790', 'Delivered', '2022-02-23 23:00:00'),
(445, 126, 'Buyer 126', 'buyer126@example.com', 63, 5, '1580', 'Delivered', '2022-08-18 22:00:00'),
(446, 127, 'Buyer 127', 'buyer127@example.com', 63, 4, '1950', 'Delivered', '2022-04-02 22:00:00'),
(447, 128, 'Buyer 128', 'buyer128@example.com', 68, 3, '1930', 'Delivered', '2022-10-28 22:00:00'),
(448, 129, 'Buyer 129', 'buyer129@example.com', 71, 2, '2180', 'Delivered', '2022-01-01 23:00:00'),
(449, 130, 'Buyer 130', 'buyer130@example.com', 64, 2, '1780', 'Delivered', '2022-07-10 22:00:00'),
(450, 131, 'Buyer 131', 'buyer131@example.com', 69, 4, '1070', 'Delivered', '2022-06-26 22:00:00'),
(451, 132, 'Buyer 132', 'buyer132@example.com', 70, 5, '1310', 'Delivered', '2022-06-24 22:00:00'),
(452, 133, 'Buyer 133', 'buyer133@example.com', 68, 3, '2490', 'Delivered', '2022-03-29 22:00:00'),
(453, 134, 'Buyer 134', 'buyer134@example.com', 65, 1, '1780', 'Delivered', '2022-05-27 22:00:00'),
(454, 135, 'Buyer 135', 'buyer135@example.com', 68, 5, '1700', 'Delivered', '2023-01-10 23:00:00'),
(455, 136, 'Buyer 136', 'buyer136@example.com', 61, 1, '1260', 'Delivered', '2022-07-15 22:00:00'),
(456, 137, 'Buyer 137', 'buyer137@example.com', 72, 4, '500', 'Delivered', '2022-11-22 23:00:00'),
(457, 138, 'Buyer 138', 'buyer138@example.com', 69, 3, '2440', 'Delivered', '2023-02-01 23:00:00'),
(458, 139, 'Buyer 139', 'buyer139@example.com', 71, 3, '1340', 'Delivered', '2022-10-21 22:00:00'),
(459, 140, 'Buyer 140', 'buyer140@example.com', 65, 4, '1800', 'Delivered', '2022-06-19 22:00:00'),
(460, 141, 'Buyer 141', 'buyer141@example.com', 65, 3, '2300', 'Delivered', '2022-02-02 23:00:00'),
(461, 142, 'Buyer 142', 'buyer142@example.com', 72, 3, '2280', 'Delivered', '2023-01-24 23:00:00'),
(462, 143, 'Buyer 143', 'buyer143@example.com', 65, 3, '1670', 'Delivered', '2023-03-09 23:00:00'),
(463, 144, 'Buyer 144', 'buyer144@example.com', 68, 1, '2480', 'Delivered', '2022-05-25 22:00:00'),
(464, 145, 'Buyer 145', 'buyer145@example.com', 66, 5, '770', 'Delivered', '2022-09-17 22:00:00'),
(465, 146, 'Buyer 146', 'buyer146@example.com', 65, 5, '1330', 'Delivered', '2023-05-22 22:00:00'),
(466, 147, 'Buyer 147', 'buyer147@example.com', 70, 5, '2080', 'Delivered', '2022-08-09 22:00:00'),
(467, 148, 'Buyer 148', 'buyer148@example.com', 69, 2, '1440', 'Delivered', '2022-08-11 22:00:00'),
(468, 149, 'Buyer 149', 'buyer149@example.com', 67, 2, '1410', 'Delivered', '2022-07-23 22:00:00'),
(469, 150, 'Buyer 150', 'buyer150@example.com', 62, 2, '910', 'Delivered', '2022-02-22 23:00:00'),
(470, 151, 'Buyer 151', 'buyer151@example.com', 71, 5, '1160', 'Delivered', '2022-02-19 23:00:00'),
(471, 152, 'Buyer 152', 'buyer152@example.com', 68, 1, '840', 'Delivered', '2023-01-22 23:00:00'),
(472, 153, 'Buyer 153', 'buyer153@example.com', 67, 1, '1020', 'Delivered', '2023-03-05 23:00:00'),
(473, 154, 'Buyer 154', 'buyer154@example.com', 65, 2, '1100', 'Delivered', '2023-03-16 23:00:00'),
(474, 155, 'Buyer 155', 'buyer155@example.com', 67, 5, '1190', 'Delivered', '2023-01-06 23:00:00'),
(475, 156, 'Buyer 156', 'buyer156@example.com', 64, 5, '650', 'Delivered', '2022-05-24 22:00:00'),
(476, 157, 'Buyer 157', 'buyer157@example.com', 66, 4, '2120', 'Delivered', '2023-05-17 22:00:00'),
(477, 158, 'Buyer 158', 'buyer158@example.com', 72, 4, '1210', 'Delivered', '2022-02-14 23:00:00'),
(478, 159, 'Buyer 159', 'buyer159@example.com', 72, 3, '1070', 'Delivered', '2023-03-07 23:00:00'),
(479, 160, 'Buyer 160', 'buyer160@example.com', 69, 1, '1970', 'Delivered', '2022-03-01 23:00:00'),
(480, 161, 'Buyer 161', 'buyer161@example.com', 69, 5, '1660', 'Delivered', '2022-04-06 22:00:00'),
(481, 162, 'Buyer 162', 'buyer162@example.com', 70, 4, '2290', 'Delivered', '2022-02-26 23:00:00'),
(482, 163, 'Buyer 163', 'buyer163@example.com', 71, 5, '1490', 'Delivered', '2022-09-29 22:00:00'),
(483, 164, 'Buyer 164', 'buyer164@example.com', 68, 1, '1900', 'Delivered', '2022-01-14 23:00:00'),
(484, 165, 'Buyer 165', 'buyer165@example.com', 68, 4, '1000', 'Delivered', '2022-03-18 23:00:00'),
(485, 166, 'Buyer 166', 'buyer166@example.com', 65, 3, '790', 'Delivered', '2022-08-11 22:00:00'),
(486, 167, 'Buyer 167', 'buyer167@example.com', 69, 2, '1630', 'Delivered', '2022-08-18 22:00:00'),
(487, 168, 'Buyer 168', 'buyer168@example.com', 63, 4, '950', 'Delivered', '2023-02-22 23:00:00'),
(488, 169, 'Buyer 169', 'buyer169@example.com', 64, 1, '1280', 'Delivered', '2023-02-26 23:00:00'),
(489, 170, 'Buyer 170', 'buyer170@example.com', 71, 5, '2120', 'Delivered', '2023-03-05 23:00:00'),
(490, 171, 'Buyer 171', 'buyer171@example.com', 68, 1, '1020', 'Delivered', '2022-08-10 22:00:00'),
(491, 172, 'Buyer 172', 'buyer172@example.com', 61, 4, '1470', 'Delivered', '2022-03-29 22:00:00'),
(492, 173, 'Buyer 173', 'buyer173@example.com', 71, 3, '2420', 'Delivered', '2022-05-20 22:00:00'),
(493, 174, 'Buyer 174', 'buyer174@example.com', 67, 5, '810', 'Delivered', '2022-06-04 22:00:00'),
(494, 175, 'Buyer 175', 'buyer175@example.com', 70, 3, '980', 'Delivered', '2023-04-01 22:00:00'),
(495, 176, 'Buyer 176', 'buyer176@example.com', 62, 1, '2010', 'Delivered', '2022-11-01 23:00:00'),
(496, 177, 'Buyer 177', 'buyer177@example.com', 61, 1, '1370', 'Delivered', '2022-12-15 23:00:00'),
(497, 178, 'Buyer 178', 'buyer178@example.com', 63, 3, '1180', 'Delivered', '2023-04-28 22:00:00'),
(498, 179, 'Buyer 179', 'buyer179@example.com', 66, 5, '2150', 'Delivered', '2022-09-22 22:00:00'),
(499, 180, 'Buyer 180', 'buyer180@example.com', 67, 5, '1380', 'Delivered', '2022-11-15 23:00:00'),
(500, 181, 'Buyer 181', 'buyer181@example.com', 69, 2, '660', 'Delivered', '2023-03-09 23:00:00'),
(501, 182, 'Buyer 182', 'buyer182@example.com', 71, 4, '1370', 'Delivered', '2022-12-01 23:00:00'),
(502, 183, 'Buyer 183', 'buyer183@example.com', 63, 1, '1780', 'Delivered', '2022-06-08 22:00:00'),
(503, 184, 'Buyer 184', 'buyer184@example.com', 66, 1, '1070', 'Delivered', '2022-02-11 23:00:00'),
(504, 185, 'Buyer 185', 'buyer185@example.com', 62, 4, '630', 'Delivered', '2023-06-15 22:00:00'),
(505, 186, 'Buyer 186', 'buyer186@example.com', 61, 3, '1540', 'Delivered', '2022-05-14 22:00:00'),
(506, 187, 'Buyer 187', 'buyer187@example.com', 65, 5, '1820', 'Delivered', '2023-06-11 22:00:00'),
(507, 188, 'Buyer 188', 'buyer188@example.com', 62, 2, '2000', 'Delivered', '2022-08-08 22:00:00'),
(508, 189, 'Buyer 189', 'buyer189@example.com', 66, 5, '1940', 'Delivered', '2022-03-15 23:00:00'),
(509, 190, 'Buyer 190', 'buyer190@example.com', 69, 1, '1430', 'Delivered', '2022-04-06 22:00:00'),
(510, 191, 'Buyer 191', 'buyer191@example.com', 64, 4, '1490', 'Delivered', '2023-05-16 22:00:00'),
(511, 192, 'Buyer 192', 'buyer192@example.com', 69, 2, '2430', 'Delivered', '2022-08-21 22:00:00'),
(512, 193, 'Buyer 193', 'buyer193@example.com', 72, 2, '2220', 'Delivered', '2022-04-02 22:00:00'),
(513, 194, 'Buyer 194', 'buyer194@example.com', 68, 2, '1980', 'Delivered', '2022-05-07 22:00:00'),
(514, 195, 'Buyer 195', 'buyer195@example.com', 68, 4, '2440', 'Delivered', '2023-02-11 23:00:00'),
(515, 196, 'Buyer 196', 'buyer196@example.com', 61, 2, '1370', 'Delivered', '2022-11-08 23:00:00'),
(516, 197, 'Buyer 197', 'buyer197@example.com', 63, 1, '1540', 'Delivered', '2022-06-07 22:00:00'),
(517, 198, 'Buyer 198', 'buyer198@example.com', 64, 3, '660', 'Delivered', '2022-10-26 22:00:00'),
(518, 199, 'Buyer 199', 'buyer199@example.com', 64, 2, '1980', 'Delivered', '2023-01-10 23:00:00'),
(519, 200, 'Buyer 200', 'buyer200@example.com', 67, 3, '1380', 'Delivered', '2023-02-04 23:00:00'),
(520, 201, 'Buyer 201', 'buyer201@example.com', 68, 1, '1260', 'Delivered', '2023-06-07 22:00:00');
INSERT INTO `new_orders` (`id`, `orderid`, `buyer_name`, `buyer_email`, `product_id`, `quantity`, `total_price`, `status`, `order_date`) VALUES
(521, 202, 'Buyer 202', 'buyer202@example.com', 72, 1, '2440', 'Delivered', '2023-03-09 23:00:00'),
(522, 203, 'Buyer 203', 'buyer203@example.com', 63, 4, '1190', 'Delivered', '2022-08-14 22:00:00'),
(523, 204, 'Buyer 204', 'buyer204@example.com', 69, 3, '720', 'Delivered', '2022-07-04 22:00:00'),
(524, 205, 'Buyer 205', 'buyer205@example.com', 70, 3, '1650', 'Delivered', '2022-05-02 22:00:00'),
(525, 206, 'Buyer 206', 'buyer206@example.com', 68, 1, '1420', 'Delivered', '2022-12-22 23:00:00'),
(526, 207, 'Buyer 207', 'buyer207@example.com', 63, 5, '1210', 'Delivered', '2022-03-07 23:00:00'),
(527, 208, 'Buyer 208', 'buyer208@example.com', 68, 2, '870', 'Delivered', '2022-07-02 22:00:00'),
(528, 209, 'Buyer 209', 'buyer209@example.com', 69, 4, '1620', 'Delivered', '2022-05-14 22:00:00'),
(529, 210, 'Buyer 210', 'buyer210@example.com', 65, 1, '1180', 'Delivered', '2022-11-23 23:00:00'),
(530, 211, 'Buyer 211', 'buyer211@example.com', 72, 4, '1080', 'Delivered', '2022-07-30 22:00:00'),
(531, 212, 'Buyer 212', 'buyer212@example.com', 71, 4, '2420', 'Delivered', '2022-10-19 22:00:00'),
(532, 213, 'Buyer 213', 'buyer213@example.com', 65, 1, '570', 'Delivered', '2022-12-15 23:00:00'),
(533, 214, 'Buyer 214', 'buyer214@example.com', 62, 2, '1490', 'Delivered', '2022-01-22 23:00:00'),
(534, 215, 'Buyer 215', 'buyer215@example.com', 68, 4, '2300', 'Delivered', '2022-08-10 22:00:00'),
(535, 216, 'Buyer 216', 'buyer216@example.com', 69, 4, '1500', 'Delivered', '2022-05-30 22:00:00'),
(536, 217, 'Buyer 217', 'buyer217@example.com', 62, 3, '1480', 'Delivered', '2022-06-20 22:00:00'),
(537, 218, 'Buyer 218', 'buyer218@example.com', 66, 5, '2190', 'Delivered', '2023-02-21 23:00:00'),
(538, 219, 'Buyer 219', 'buyer219@example.com', 63, 5, '1300', 'Delivered', '2023-02-04 23:00:00'),
(539, 220, 'Buyer 220', 'buyer220@example.com', 69, 4, '1940', 'Delivered', '2022-11-05 23:00:00'),
(540, 221, 'Buyer 221', 'buyer221@example.com', 65, 5, '2180', 'Delivered', '2022-06-13 22:00:00'),
(541, 222, 'Buyer 222', 'buyer222@example.com', 67, 5, '560', 'Delivered', '2022-04-19 22:00:00'),
(542, 223, 'Buyer 223', 'buyer223@example.com', 62, 2, '2160', 'Delivered', '2022-08-23 22:00:00'),
(543, 224, 'Buyer 224', 'buyer224@example.com', 70, 3, '1300', 'Delivered', '2022-08-30 22:00:00'),
(544, 225, 'Buyer 225', 'buyer225@example.com', 67, 5, '1400', 'Delivered', '2022-07-09 22:00:00'),
(545, 226, 'Buyer 226', 'buyer226@example.com', 65, 3, '1670', 'Delivered', '2023-01-29 23:00:00'),
(546, 227, 'Buyer 227', 'buyer227@example.com', 61, 5, '2030', 'Delivered', '2022-07-06 22:00:00'),
(547, 228, 'Buyer 228', 'buyer228@example.com', 67, 4, '2370', 'Delivered', '2023-05-27 22:00:00'),
(548, 229, 'Buyer 229', 'buyer229@example.com', 63, 1, '1220', 'Delivered', '2022-11-17 23:00:00'),
(549, 230, 'Buyer 230', 'buyer230@example.com', 62, 4, '1850', 'Delivered', '2022-05-07 22:00:00'),
(550, 231, 'Buyer 231', 'buyer231@example.com', 72, 5, '1250', 'Delivered', '2022-01-01 23:00:00'),
(551, 232, 'Buyer 232', 'buyer232@example.com', 66, 1, '1610', 'Delivered', '2022-06-14 22:00:00'),
(552, 233, 'Buyer 233', 'buyer233@example.com', 70, 1, '1380', 'Delivered', '2022-06-06 22:00:00'),
(553, 234, 'Buyer 234', 'buyer234@example.com', 61, 2, '1120', 'Delivered', '2022-12-26 23:00:00'),
(554, 235, 'Buyer 235', 'buyer235@example.com', 64, 3, '2420', 'Delivered', '2022-12-10 23:00:00'),
(555, 236, 'Buyer 236', 'buyer236@example.com', 68, 4, '1570', 'Delivered', '2022-02-20 23:00:00'),
(556, 237, 'Buyer 237', 'buyer237@example.com', 71, 3, '1440', 'Delivered', '2023-01-10 23:00:00'),
(557, 238, 'Buyer 238', 'buyer238@example.com', 69, 4, '2310', 'Delivered', '2022-01-16 23:00:00'),
(558, 239, 'Buyer 239', 'buyer239@example.com', 66, 3, '1140', 'Delivered', '2022-12-07 23:00:00'),
(559, 240, 'Buyer 240', 'buyer240@example.com', 68, 3, '1950', 'Delivered', '2023-05-08 22:00:00'),
(560, 241, 'Buyer 241', 'buyer241@example.com', 71, 2, '1840', 'Delivered', '2022-01-04 23:00:00'),
(561, 242, 'Buyer 242', 'buyer242@example.com', 62, 3, '1750', 'Delivered', '2022-11-26 23:00:00'),
(562, 243, 'Buyer 243', 'buyer243@example.com', 62, 3, '1170', 'Delivered', '2022-08-05 22:00:00'),
(563, 244, 'Buyer 244', 'buyer244@example.com', 72, 4, '610', 'Delivered', '2023-06-11 22:00:00'),
(564, 245, 'Buyer 245', 'buyer245@example.com', 67, 5, '2440', 'Delivered', '2023-05-18 22:00:00'),
(565, 246, 'Buyer 246', 'buyer246@example.com', 67, 2, '610', 'Delivered', '2022-02-15 23:00:00'),
(566, 247, 'Buyer 247', 'buyer247@example.com', 66, 2, '1970', 'Delivered', '2022-06-19 22:00:00'),
(567, 248, 'Buyer 248', 'buyer248@example.com', 62, 3, '550', 'Delivered', '2022-02-07 23:00:00'),
(568, 249, 'Buyer 249', 'buyer249@example.com', 64, 2, '2340', 'Delivered', '2022-12-23 23:00:00'),
(569, 250, 'Buyer 250', 'buyer250@example.com', 61, 3, '2090', 'Delivered', '2022-10-27 22:00:00'),
(570, 251, 'Buyer 251', 'buyer251@example.com', 68, 2, '850', 'Delivered', '2022-04-14 22:00:00'),
(571, 252, 'Buyer 252', 'buyer252@example.com', 72, 4, '1980', 'Delivered', '2023-01-06 23:00:00'),
(572, 253, 'Buyer 253', 'buyer253@example.com', 66, 4, '2430', 'Delivered', '2022-10-12 22:00:00'),
(573, 254, 'Buyer 254', 'buyer254@example.com', 64, 4, '700', 'Delivered', '2023-03-17 23:00:00'),
(574, 255, 'Buyer 255', 'buyer255@example.com', 68, 4, '1030', 'Delivered', '2022-04-10 22:00:00'),
(575, 256, 'Buyer 256', 'buyer256@example.com', 64, 2, '950', 'Delivered', '2022-08-10 22:00:00'),
(576, 257, 'Buyer 257', 'buyer257@example.com', 68, 5, '1580', 'Delivered', '2022-09-06 22:00:00'),
(577, 258, 'Buyer 258', 'buyer258@example.com', 64, 4, '790', 'Delivered', '2023-06-09 22:00:00'),
(578, 259, 'Buyer 259', 'buyer259@example.com', 72, 1, '2450', 'Delivered', '2023-04-14 22:00:00'),
(579, 260, 'Buyer 260', 'buyer260@example.com', 71, 2, '2250', 'Delivered', '2022-07-11 22:00:00'),
(580, 261, 'Buyer 261', 'buyer261@example.com', 70, 3, '2160', 'Delivered', '2022-09-13 22:00:00'),
(581, 262, 'Buyer 262', 'buyer262@example.com', 70, 3, '940', 'Delivered', '2023-04-04 22:00:00'),
(582, 263, 'Buyer 263', 'buyer263@example.com', 70, 3, '2060', 'Delivered', '2022-09-17 22:00:00'),
(583, 264, 'Buyer 264', 'buyer264@example.com', 71, 3, '1480', 'Delivered', '2022-12-08 23:00:00'),
(584, 265, 'Buyer 265', 'buyer265@example.com', 67, 1, '2030', 'Delivered', '2022-04-18 22:00:00'),
(585, 266, 'Buyer 266', 'buyer266@example.com', 70, 1, '1990', 'Delivered', '2022-11-23 23:00:00'),
(586, 267, 'Buyer 267', 'buyer267@example.com', 63, 1, '1500', 'Delivered', '2023-01-03 23:00:00'),
(587, 268, 'Buyer 268', 'buyer268@example.com', 67, 3, '690', 'Delivered', '2022-08-08 22:00:00'),
(588, 269, 'Buyer 269', 'buyer269@example.com', 70, 3, '1260', 'Delivered', '2023-03-11 23:00:00'),
(589, 270, 'Buyer 270', 'buyer270@example.com', 61, 3, '780', 'Delivered', '2022-05-05 22:00:00'),
(590, 271, 'Buyer 271', 'buyer271@example.com', 66, 1, '2230', 'Delivered', '2022-07-16 22:00:00'),
(591, 272, 'Buyer 272', 'buyer272@example.com', 68, 3, '1630', 'Delivered', '2022-05-13 22:00:00'),
(592, 273, 'Buyer 273', 'buyer273@example.com', 72, 4, '2270', 'Delivered', '2022-06-25 22:00:00'),
(593, 274, 'Buyer 274', 'buyer274@example.com', 64, 5, '2400', 'Delivered', '2022-04-13 22:00:00'),
(594, 275, 'Buyer 275', 'buyer275@example.com', 64, 5, '2220', 'Delivered', '2023-03-16 23:00:00'),
(595, 276, 'Buyer 276', 'buyer276@example.com', 70, 4, '2350', 'Delivered', '2022-09-14 22:00:00'),
(596, 277, 'Buyer 277', 'buyer277@example.com', 63, 2, '1810', 'Delivered', '2022-11-14 23:00:00'),
(597, 278, 'Buyer 278', 'buyer278@example.com', 68, 3, '1380', 'Delivered', '2022-09-30 22:00:00'),
(598, 279, 'Buyer 279', 'buyer279@example.com', 61, 3, '2060', 'Delivered', '2023-04-10 22:00:00'),
(599, 280, 'Buyer 280', 'buyer280@example.com', 66, 5, '1130', 'Delivered', '2022-03-30 22:00:00'),
(600, 281, 'Buyer 281', 'buyer281@example.com', 68, 5, '1460', 'Delivered', '2023-01-12 23:00:00'),
(601, 282, 'Buyer 282', 'buyer282@example.com', 70, 2, '1240', 'Delivered', '2023-03-24 23:00:00'),
(602, 283, 'Buyer 283', 'buyer283@example.com', 62, 1, '1040', 'Delivered', '2023-03-29 22:00:00'),
(603, 284, 'Buyer 284', 'buyer284@example.com', 72, 5, '1290', 'Delivered', '2023-05-21 22:00:00'),
(604, 285, 'Buyer 285', 'buyer285@example.com', 62, 2, '2220', 'Delivered', '2022-09-04 22:00:00'),
(605, 286, 'Buyer 286', 'buyer286@example.com', 63, 2, '1820', 'Delivered', '2022-10-20 22:00:00'),
(606, 287, 'Buyer 287', 'buyer287@example.com', 72, 5, '2390', 'Delivered', '2022-11-07 23:00:00'),
(607, 288, 'Buyer 288', 'buyer288@example.com', 67, 5, '1100', 'Delivered', '2023-04-08 22:00:00'),
(608, 289, 'Buyer 289', 'buyer289@example.com', 62, 4, '2320', 'Delivered', '2022-11-14 23:00:00'),
(609, 290, 'Buyer 290', 'buyer290@example.com', 67, 4, '1830', 'Delivered', '2022-12-11 23:00:00'),
(610, 291, 'Buyer 291', 'buyer291@example.com', 61, 5, '880', 'Delivered', '2022-08-02 22:00:00'),
(611, 292, 'Buyer 292', 'buyer292@example.com', 68, 4, '1900', 'Delivered', '2022-08-20 22:00:00'),
(612, 293, 'Buyer 293', 'buyer293@example.com', 71, 2, '1400', 'Delivered', '2022-07-29 22:00:00'),
(613, 294, 'Buyer 294', 'buyer294@example.com', 68, 3, '1520', 'Delivered', '2022-11-17 23:00:00'),
(614, 295, 'Buyer 295', 'buyer295@example.com', 70, 5, '1900', 'Delivered', '2022-02-06 23:00:00'),
(615, 296, 'Buyer 296', 'buyer296@example.com', 61, 1, '2000', 'Delivered', '2022-01-16 23:00:00'),
(616, 297, 'Buyer 297', 'buyer297@example.com', 70, 2, '1150', 'Delivered', '2022-04-21 22:00:00'),
(617, 298, 'Buyer 298', 'buyer298@example.com', 61, 3, '1130', 'Delivered', '2022-11-20 23:00:00'),
(618, 299, 'Buyer 299', 'buyer299@example.com', 66, 5, '1230', 'Delivered', '2022-02-09 23:00:00'),
(619, 300, 'Buyer 300', 'buyer300@example.com', 61, 1, '1630', 'Delivered', '2022-01-14 23:00:00'),
(620, 310, 'admin', 'admin@gmail.com', 13, 5, '750', 'pending', '2023-06-22 10:59:06');

-- --------------------------------------------------------

--
-- Tabellenstruktur für Tabelle `products`
--

CREATE TABLE `products` (
  `id` int(11) NOT NULL,
  `seller_id` int(11) NOT NULL,
  `category_id` int(11) NOT NULL,
  `name` varchar(50) NOT NULL,
  `description` text DEFAULT NULL,
  `price` decimal(10,2) NOT NULL,
  `Discount` decimal(10,2) DEFAULT NULL,
  `Stock` int(11) DEFAULT NULL
) ENGINE=InnoDB DEFAULT CHARSET=utf8mb4 COLLATE=utf8mb4_general_ci;

--
-- Daten für Tabelle `products`
--

INSERT INTO `products` (`id`, `seller_id`, `category_id`, `name`, `description`, `price`, `Discount`, `Stock`) VALUES
(2, 1, 1, 'Desktop Computer 2', 'Affordable desktop computer with AMD Ryzen processor and integrated graphics.', '499.99', '23.00', 5),
(3, 1, 1, 'Desktop Computer 3', 'High-end desktop computer with Intel Core i9 processor and Nvidia RTX graphics card.', '1999.99', NULL, 5),
(4, 1, 1, 'Desktop Computer 4', 'Gaming desktop computer with AMD Ryzen processor and Nvidia GTX graphics card.', '1499.99', NULL, 5),
(5, 1, 2, 'Laptop 1', 'Thin and light laptop with 11th gen Intel Core i5 processor and 14-inch display.', '799.99', NULL, 5),
(6, 1, 2, 'Laptop 2', 'Mid-range laptop with AMD Ryzen 5 processor and 15.6-inch display.', '599.99', NULL, 5),
(7, 1, 2, 'Laptop 3', 'Premium laptop with 11th gen Intel Core i7 processor and 4K touchscreen display.', '1499.99', NULL, 5),
(8, 1, 2, 'Laptop 4', 'Gaming laptop with AMD Ryzen 7 processor and Nvidia RTX graphics card.', '1299.99', NULL, 5),
(9, 1, 3, 'Tablet 1', 'Affordable Android tablet with 10-inch display and 32GB storage.', '149.99', NULL, 5),
(10, 1, 3, 'Tablet 2', 'iPad Pro with 12.9-inch Liquid Retina XDR display and 5G connectivity.', '1099.99', NULL, 5),
(11, 1, 3, 'Tablet 3', 'Microsoft Surface Pro 7 with Intel Core i5 processor and 8GB RAM.', '899.99', NULL, 5),
(12, 1, 3, 'Tablet 4', 'Samsung Galaxy Tab S7 with 11-inch display and 128GB storage.', '749.99', NULL, 5),
(13, 1, 4, 'Printer 1', 'All-in-one inkjet printer with wireless connectivity and automatic document feeder.', '149.99', NULL, 0),
(14, 1, 4, 'Printer 2', 'Laser printer with fast printing speed and automatic duplex printing.', '199.99', NULL, 5),
(15, 1, 4, 'Printer 3', 'Large-format photo printer with 8-color dye ink system and CD/DVD printing.', '799.99', NULL, 5),
(16, 1, 4, 'Printer 4', 'Portable thermal label printer for home or office use.', '59.99', NULL, 5),
(17, 1, 5, 'Headphones 1', 'Wireless over-ear headphones with noise cancelling and 30-hour battery life.', '299.99', NULL, 5),
(18, 1, 5, 'Headphones 2', 'True wireless earbuds with active noise cancelling and touch controls.', '149.99', NULL, 5),
(19, 1, 5, 'Headphones 3', 'Gaming headset with 7.1 surround sound and noise-cancelling microphone.', '99.99', NULL, 5),
(20, 1, 5, 'Headphones 4', 'On-ear headphones with wired connection and foldable design.', '49.99', NULL, 5),
(21, 1, 6, 'Speaker 1', 'Wireless smart speaker with Alexa voice control and 360-degree sound.', '199.99', NULL, 5),
(22, 1, 6, 'Speaker 2', 'Portable Bluetooth speaker with IPX7 waterproof rating and 20-hour battery life.', '99.99', NULL, 5),
(23, 1, 6, 'Speaker 3', 'Bookshelf speakers with 5.25-inch woofer and 1-inch tweeter for hi-fi audio.', '349.99', NULL, 5),
(24, 1, 6, 'Speaker 4', 'Soundbar with Dolby Atmos and DTS:X support for immersive home theater audio.', '599.99', NULL, 5),
(25, 1, 7, 'Camera 1', 'Mirrorless camera with 24.2MP APS-C sensor and 4K video recording.', '899.99', NULL, 5),
(26, 1, 7, 'Camera 2', 'Compact point-and-shoot camera with 20.1MP sensor and 30x optical zoom.', '449.99', NULL, 5),
(27, 1, 7, 'Camera 3', 'Professional-grade DSLR camera with 45.7MP full-frame sensor and 4K UHD video.', '2799.99', NULL, 5),
(28, 1, 7, 'Camera 4', 'Action camera with 4K/60fps video recording and waterproof housing.', '299.99', NULL, 5),
(29, 1, 8, 'Microphone 1', 'Condenser microphone with cardioid polar pattern for podcasting and voiceover.', '99.99', NULL, 5),
(30, 1, 8, 'Microphone 2', 'Dynamic microphone with supercardioid polar pattern for live performance and recording.', '199.99', NULL, 5),
(31, 1, 8, 'Microphone 3', 'USB microphone with bidirectional polar pattern for conference calls and interviews.', '149.99', NULL, 5),
(32, 1, 8, 'Microphone 4', 'Lavalier microphone with omnidirectional polar pattern for mobile recording and streaming.', '49.99', NULL, 5),
(33, 1, 9, 'Gaming Console 1', 'PlayStation 5 with 825GB SSD and DualSense wireless controller.', '499.99', NULL, 5),
(34, 1, 9, 'Gaming Console 2', 'Xbox Series X with 1TB SSD and Xbox Wireless Controller.', '499.99', NULL, 5),
(35, 1, 9, 'Gaming Console 3', 'Nintendo Switch with 6.2-inch touchscreen and Joy-Con controllers.', '299.99', NULL, 5),
(36, 1, 9, 'Gaming Console 4', 'Retro gaming console with built-in 600 classic games and two wireless controllers.', '59.99', NULL, 5),
(37, 1, 10, 'Smart Home Device 1', 'Smart thermostat with Wi-Fi connectivity and voice control.', '249.99', NULL, 5),
(38, 1, 10, 'Smart Home Device 2', 'Smart security camera with 1080p HD video and two-way audio.', '99.99', NULL, 5),
(39, 1, 10, 'Smart Home Device 3', 'Smart lighting kit with color-changing bulbs and app control.', '149.99', NULL, 5),
(40, 1, 10, 'Smart Home Device 4', 'Smart plug with energy monitoring and voice control.', '29.99', NULL, 5),
(41, 1, 11, 'TV 1', '4K UHD TV with HDR10+ and built-in Alexa voice control.', '699.99', NULL, 5),
(42, 1, 11, 'TV 2', '8K QLED TV with 120Hz refresh rate and Dolby Vision IQ.', '3499.99', NULL, 5),
(43, 1, 11, 'TV 3', 'OLED TV with Dolby Atmos and webOS smart platform.', '1999.99', NULL, 5),
(44, 1, 11, 'TV 4', 'Budget LED TV with 720p HD resolution and HDMI connectivity.', '199.99', NULL, 5),
(45, 1, 12, 'Projector 1', 'Full HD home theater projector with 3,000 lumens and 10,000:1 contrast ratio.', '699.99', NULL, 5),
(46, 1, 12, 'Projector 2', 'Portable mini projector with 1080p support and built-in battery.', '299.99', NULL, 5),
(47, 1, 12, 'Projector 3', 'Laser TV projector with 4K UHD resolution and 120-inch projection screen.', '2999.99', NULL, 5),
(48, 1, 12, 'Projector 4', 'Outdoor movie projector with 720p HD resolution and 150-inch screen.', '499.99', NULL, 5),
(49, 1, 13, 'VR Headset 1', 'Oculus Quest 2 all-in-one VR headset with 6DoF and hand tracking.', '299.99', NULL, 5),
(50, 1, 13, 'VR Headset 2', 'HTC Vive Pro 2 with 5K resolution and 120Hz refresh rate.', '1399.99', NULL, 5),
(51, 1, 13, 'VR Headset 3', 'PlayStation VR with motion controllers and VR Worlds game bundle.', '399.99', NULL, 5),
(52, 1, 13, 'VR Headset 4', 'Windows Mixed Reality headset with inside-out tracking and motion controllers.', '499.99', NULL, 5),
(53, 1, 14, 'Drone 1', 'DJI Mavic 2 Pro with 4K Hasselblad camera and 31-minute flight time.', '1499.99', NULL, 5),
(54, 1, 14, 'Drone 2', 'Holy Stone HS100D with 1080p camera and GPS assisted flight.', '199.99', NULL, 5),
(55, 1, 14, 'Drone 3', 'Autel Robotics EVO II with 8K camera and 40-minute flight time.', '1799.99', NULL, 5),
(56, 1, 14, 'Drone 4', 'Mini drone with 720p camera and altitude hold mode for beginners.', '59.99', NULL, 5),
(57, 1, 15, 'Accessory 1', 'Wireless keyboard and mouse combo with ergonomic design.', '49.99', NULL, 5),
(58, 1, 15, 'Accessory 2', 'External hard drive with 2TB capacity and USB 3.0 interface.', '79.99', NULL, 5),
(60, 1, 15, 'Accessory 4', 'Gaming mouse pad with RGB lighting and micro-textured surface.', '29.99', NULL, 5),
(61, 2, 15, 'test', '0', '299.00', '10.00', 5),
(62, 3, 2, 'Laptop 55', 'I5 769 Prozesser\r\n1000 GB RAM', '999.99', NULL, 6),
(63, 3, 3, 'IPad Pro 12', '12 GB Ram\r\n500 TB SSD', '2999.99', NULL, 5),
(64, 3, 3, 'IPad 13', '8gb Ram\r\n500 GB SDD', '850.00', NULL, 5),
(65, 3, 3, 'Tabletto 3', '64 GB RAM', '1250.50', NULL, 5),
(66, 3, 3, 'Tablet 1333', '16 GB RAM', '550.00', NULL, 5),
(67, 3, 4, 'HP 5550 C', 'NEXT GEN PRINTER', '450.00', NULL, 5),
(68, 3, 11, 'HK 55 8K', 'SAMSUNG 8K TV', '5232.00', NULL, 5),
(69, 3, 11, 'Monitor 15', 'blablabla', '599.00', NULL, 5),
(70, 3, 2, 'IdeaPad 2', 'blablabla', '788.00', NULL, 5),
(71, 3, 2, 'Ideapad 5', 'blablabla', '455.00', NULL, 5),
(72, 3, 2, 'Ideapad 20', 'blablabla', '1500.00', NULL, 5),
(73, 4, 15, 'Terminator 5000', 'Blablabla', '1234.00', NULL, NULL);

-- --------------------------------------------------------

--
-- Tabellenstruktur für Tabelle `product_images`
--

CREATE TABLE `product_images` (
  `id` int(11) NOT NULL,
  `product_id` int(11) NOT NULL,
  `image_path` varchar(255) NOT NULL
) ENGINE=InnoDB DEFAULT CHARSET=utf8mb4 COLLATE=utf8mb4_general_ci;

--
-- Daten für Tabelle `product_images`
--

INSERT INTO `product_images` (`id`, `product_id`, `image_path`) VALUES
(1, 61, './../../res/img/646c8ccfab57f_IMG_20211030_105956.jpg'),
(2, 62, './../../res/img/649405d6a01b4_laptop-1.jpg'),
(3, 63, './../../res/img/64940601efabb_tablet-1.jpg'),
(4, 64, './../../res/img/6494064114179_tablet-3.jpg'),
(5, 65, './../../res/img/6494065822f54_tablet-2.jpg'),
(6, 66, './../../res/img/6494067a2549b_tablet-1.jpg'),
(7, 67, './../../res/img/6494069473c76_printer-1.jpg'),
(8, 68, './../../res/img/649406b32ba50_new_product_01.jpg'),
(9, 69, './../../res/img/649406cae6f5f_monitor-1.jpg'),
(10, 70, './../../res/img/649406dc8c9ae_laptop-3.jpg'),
(11, 71, './../../res/img/649406e7537c3_laptop-2.jpg'),
(12, 72, './../../res/img/649406f3b60d1_laptop-1.jpg'),
(13, 73, './../../res/img/649419b874b5f_impressum.jpg');

-- --------------------------------------------------------

--
-- Tabellenstruktur für Tabelle `sellers`
--

CREATE TABLE `sellers` (
  `id` int(11) NOT NULL,
  `name` varchar(50) NOT NULL,
  `email` varchar(50) NOT NULL
) ENGINE=InnoDB DEFAULT CHARSET=utf8mb4 COLLATE=utf8mb4_general_ci;

--
-- Daten für Tabelle `sellers`
--

INSERT INTO `sellers` (`id`, `name`, `email`) VALUES
(1, 'ABC Electronics', 'abcelectronics@example.com'),
(2, 'XYZ Technologies', 'xyztech@example.com'),
(3, 'Tech Planet', 'techplanet@example.com'),
(4, 'Gadget Zone', 'gadgetzone@example.com'),
(5, 'E-Tech Emporium', 'etech@example.com');

-- --------------------------------------------------------

--
-- Tabellenstruktur für Tabelle `shoppingcart`
--

CREATE TABLE `shoppingcart` (
  `id` int(11) NOT NULL,
  `user_id` int(11) NOT NULL,
  `product_id` int(11) NOT NULL,
  `quantity` int(11) NOT NULL
) ENGINE=InnoDB DEFAULT CHARSET=latin1 COLLATE=latin1_swedish_ci;

-- --------------------------------------------------------

--
-- Tabellenstruktur für Tabelle `users`
--

CREATE TABLE `users` (
  `id` int(11) NOT NULL,
  `status` varchar(256) NOT NULL DEFAULT 'active',
  `form_of_adress` varchar(256) NOT NULL,
  `name` varchar(256) CHARACTER SET utf8 COLLATE utf8_general_ci NOT NULL,
  `surname` varchar(256) NOT NULL,
  `username` varchar(256) NOT NULL,
  `password` varchar(256) CHARACTER SET utf8 COLLATE utf8_general_ci NOT NULL,
  `useremail` varchar(256) CHARACTER SET utf8 COLLATE utf8_general_ci NOT NULL,
  `birth_date` date NOT NULL,
  `has_newsletter` varchar(256) NOT NULL,
  `role` varchar(256) NOT NULL DEFAULT 'customer',
  `seller_id` int(11) DEFAULT NULL
) ENGINE=InnoDB DEFAULT CHARSET=utf8mb4 COLLATE=utf8mb4_general_ci;

--
-- Daten für Tabelle `users`
--

INSERT INTO `users` (`id`, `status`, `form_of_adress`, `name`, `surname`, `username`, `password`, `useremail`, `birth_date`, `has_newsletter`, `role`, `seller_id`) VALUES
(19, 'active', 'Herr', 'admin', 'admin', 'admin', '$2y$10$TonXUyREKJCg6oxw/zELVeu255snqz04FZa4k04/Ls1hwLdt.R5dG', 'admin@gmail.com', '2023-01-11', 'false', 'administrator', NULL),
(20, 'active', 'Herr', 'Reinhold', 'Messner', 'reinhold', '$2y$10$8i04ftZHS/AxADuyJ45.FumMFOhFJQTeLkPeGU7TaZX13ic1l5rxm', 'reinhold@gmail.com', '2023-01-09', 'false', 'customer', NULL),
(21, 'active', 'Herr', 'raffi', 'raffi', 'raffi', '$2y$10$r4qu.wXDpygFFLpVXCT1yeT25GRzKUpbfkviBTvHWwgCrjVpMUP1W', 'raffi@gmail.com', '2023-03-11', 'false', 'customer', NULL),
(22, 'active', 'Herr', 'Firma', 'ABC Electronics', 'ABC Electronics', '$2y$10$XBXZ0D1xSn31/1mFtdxGuu7FMvLhxhIm5IgQ/rBJFza4yurkgq9Ay', 'abcelectronics@example.com', '1909-02-22', 'false', 'seller', 1),
(23, 'active', 'Divers', 'XYZ Technologies', 'XYZ Technologies', 'XYZ Technologies', '$2y$10$H.qSSo7PssXs.BRW.G91/e5aSi69skD85..aAkxK32FawnDd01KYG', 'XYZTechnologies@gmx.at', '1910-10-10', 'false', 'seller', 2),
(24, 'active', 'Herr', 'Daniel', 'Pfeifhofer', 'customer@email.com', '$2y$10$P4/VHrnYe5ItCACW.CCKpeuQ7.WE5L/nbiuGg1MnMeVAyBwr.Jxlq', 'customer@email.com', '2023-06-09', 'false', 'customer', NULL),
(25, 'active', 'Herr', 'Rafael', 'Jeitler', 'seller@email.com', '$2y$10$qCeF0pudAvV0hNkCIeq8T.B4g6StVfpWPb9CDRhRYEBZKbZ1BFp1W', 'seller@email.com', '2023-06-01', 'false', 'seller', 3);

--
-- Indizes der exportierten Tabellen
--

--
-- Indizes für die Tabelle `blog_news`
--
ALTER TABLE `blog_news`
  ADD PRIMARY KEY (`id`);

--
-- Indizes für die Tabelle `categories`
--
ALTER TABLE `categories`
  ADD PRIMARY KEY (`id`);

--
-- Indizes für die Tabelle `contact_query`
--
ALTER TABLE `contact_query`
  ADD PRIMARY KEY (`id`);

--
-- Indizes für die Tabelle `new_orders`
--
ALTER TABLE `new_orders`
  ADD PRIMARY KEY (`id`);

--
-- Indizes für die Tabelle `products`
--
ALTER TABLE `products`
  ADD PRIMARY KEY (`id`),
  ADD KEY `seller_id` (`seller_id`),
  ADD KEY `category_id` (`category_id`);

--
-- Indizes für die Tabelle `product_images`
--
ALTER TABLE `product_images`
  ADD PRIMARY KEY (`id`),
  ADD KEY `product_id` (`product_id`);

--
-- Indizes für die Tabelle `sellers`
--
ALTER TABLE `sellers`
  ADD PRIMARY KEY (`id`);

--
-- Indizes für die Tabelle `shoppingcart`
--
ALTER TABLE `shoppingcart`
  ADD PRIMARY KEY (`id`);

--
-- Indizes für die Tabelle `users`
--
ALTER TABLE `users`
  ADD PRIMARY KEY (`id`),
  ADD KEY `fk_seller_id` (`seller_id`);

--
-- AUTO_INCREMENT für exportierte Tabellen
--

--
-- AUTO_INCREMENT für Tabelle `blog_news`
--
ALTER TABLE `blog_news`
  MODIFY `id` int(11) NOT NULL AUTO_INCREMENT, AUTO_INCREMENT=13;

--
-- AUTO_INCREMENT für Tabelle `categories`
--
ALTER TABLE `categories`
  MODIFY `id` int(11) NOT NULL AUTO_INCREMENT, AUTO_INCREMENT=16;

--
-- AUTO_INCREMENT für Tabelle `contact_query`
--
ALTER TABLE `contact_query`
  MODIFY `id` int(11) NOT NULL AUTO_INCREMENT, AUTO_INCREMENT=7;

--
-- AUTO_INCREMENT für Tabelle `new_orders`
--
ALTER TABLE `new_orders`
  MODIFY `id` int(11) NOT NULL AUTO_INCREMENT, AUTO_INCREMENT=621;

--
-- AUTO_INCREMENT für Tabelle `products`
--
ALTER TABLE `products`
  MODIFY `id` int(11) NOT NULL AUTO_INCREMENT, AUTO_INCREMENT=74;

--
-- AUTO_INCREMENT für Tabelle `product_images`
--
ALTER TABLE `product_images`
  MODIFY `id` int(11) NOT NULL AUTO_INCREMENT, AUTO_INCREMENT=14;

--
-- AUTO_INCREMENT für Tabelle `sellers`
--
ALTER TABLE `sellers`
  MODIFY `id` int(11) NOT NULL AUTO_INCREMENT, AUTO_INCREMENT=6;

--
-- AUTO_INCREMENT für Tabelle `shoppingcart`
--
ALTER TABLE `shoppingcart`
  MODIFY `id` int(11) NOT NULL AUTO_INCREMENT, AUTO_INCREMENT=60;

--
-- AUTO_INCREMENT für Tabelle `users`
--
ALTER TABLE `users`
  MODIFY `id` int(11) NOT NULL AUTO_INCREMENT, AUTO_INCREMENT=26;

--
-- Constraints der exportierten Tabellen
--

--
-- Constraints der Tabelle `products`
--
ALTER TABLE `products`
  ADD CONSTRAINT `products_ibfk_1` FOREIGN KEY (`seller_id`) REFERENCES `sellers` (`id`),
  ADD CONSTRAINT `products_ibfk_2` FOREIGN KEY (`category_id`) REFERENCES `categories` (`id`);

--
-- Constraints der Tabelle `product_images`
--
ALTER TABLE `product_images`
  ADD CONSTRAINT `product_images_ibfk_1` FOREIGN KEY (`product_id`) REFERENCES `products` (`id`) ON DELETE CASCADE;

--
-- Constraints der Tabelle `users`
--
ALTER TABLE `users`
  ADD CONSTRAINT `fk_seller_id` FOREIGN KEY (`seller_id`) REFERENCES `sellers` (`id`) ON DELETE CASCADE ON UPDATE CASCADE;
COMMIT;

/*!40101 SET CHARACTER_SET_CLIENT=@OLD_CHARACTER_SET_CLIENT */;
/*!40101 SET CHARACTER_SET_RESULTS=@OLD_CHARACTER_SET_RESULTS */;
/*!40101 SET COLLATION_CONNECTION=@OLD_COLLATION_CONNECTION */;
